id,name,artist,album,release_date,popularity,genre,decade,danceability,energy,key,loudness,mode,speechiness,acousticness,instrumentalness,liveness,valence,tempo
track_1,Rock Song 1,Rock Artist 1,Rock Album 2,1985-12-21,90,rock,1980s,0.478,0.872,1,-18.816,0,0.21,0.364,0.033,0.139,0.535,94.5
track_2,Rock Song 2,Rock Artist 15,Rock Album 9,1985-04-14,82,rock,1980s,0.403,0.838,11,-13.162,1,0.201,0.659,0.443,0.078,0.494,87.5
track_3,Rock Song 3,Rock Artist 6,Rock Album 3,1985-06-10,88,rock,1980s,0.652,0.878,4,-9.336,1,0.234,0.364,0.075,0.334,0.759,91.5
track_4,Rock Song 4,Rock Artist 7,Rock Album 6,1985-05-18,84,rock,1980s,0.566,0.729,10,-13.877,1,0.112,0.285,0.291,0.1,0.41,92.1
track_5,Rock Song 5,Rock Artist 14,Rock Album 6,1985-03-28,68,rock,1980s,0.396,0.908,9,-11.125,0,0.034,0.602,0.073,0.292,0.49,122.3
track_6,Rock Song 6,Rock Artist 16,Rock Album 2,1985-04-02,84,rock,1980s,0.607,0.832,0,-24.426,1,0.112,0.672,0.423,0.105,0.457,87.2
track_7,Rock Song 7,Rock Artist 12,Rock Album 2,1985-10-14,69,rock,1980s,0.69,0.887,11,-21.499,0,0.227,0.654,0.355,0.349,0.505,178.1
track_8,Rock Song 8,Rock Artist 5,Rock Album 7,1985-10-07,94,rock,1980s,0.546,0.942,0,-12.593,1,0.243,0.268,0.363,0.289,0.618,93.3
track_9,Rock Song 9,Rock Artist 10,Rock Album 4,1985-06-05,70,rock,1980s,0.499,0.725,9,-10.104,1,0.227,0.548,0.042,0.331,0.77,126.8
track_10,Rock Song 10,Rock Artist 6,Rock Album 5,1985-10-02,65,rock,1980s,0.62,0.732,4,-16.382,0,0.12,0.687,0.489,0.08,0.568,169.0
track_11,Rock Song 11,Rock Artist 1,Rock Album 5,1985-04-09,87,rock,1980s,0.342,0.875,0,-20.24,0,0.231,0.69,0.227,0.257,0.761,131.3
track_12,Rock Song 12,Rock Artist 7,Rock Album 5,1985-04-21,91,rock,1980s,0.444,0.934,9,-11.414,1,0.242,0.34,0.272,0.26,0.767,80.5
track_13,Rock Song 13,Rock Artist 12,Rock Album 4,1985-02-01,73,rock,1980s,0.587,0.848,6,-16.169,0,0.155,0.487,0.424,0.08,0.765,130.7
track_14,Rock Song 14,Rock Artist 6,Rock Album 5,1985-06-14,89,rock,1980s,0.652,0.84,3,-24.035,1,0.248,0.442,0.059,0.097,0.732,90.9
track_15,Rock Song 15,Rock Artist 18,Rock Album 7,1985-09-03,88,rock,1980s,0.456,0.917,0,-5.006,1,0.171,0.689,0.373,0.288,0.786,137.9
track_16,Rock Song 16,Rock Artist 4,Rock Album 10,1985-09-28,67,rock,1980s,0.667,0.753,10,-13.171,0,0.223,0.508,0.081,0.226,0.638,101.6
track_17,Rock Song 17,Rock Artist 6,Rock Album 9,1985-04-07,68,rock,1980s,0.483,0.819,3,-11.378,0,0.141,0.457,0.435,0.395,0.778,161.7
track_18,Rock Song 18,Rock Artist 14,Rock Album 2,1985-03-27,66,rock,1980s,0.415,0.86,7,-10.9,1,0.087,0.468,0.168,0.115,0.686,157.6
track_19,Rock Song 19,Rock Artist 5,Rock Album 4,1985-08-09,88,rock,1980s,0.624,0.75,3,-24.807,1,0.03,0.291,0.119,0.097,0.502,98.1
track_20,Rock Song 20,Rock Artist 8,Rock Album 2,1985-02-06,86,rock,1980s,0.303,0.904,0,-18.267,1,0.21,0.587,0.101,0.204,0.601,104.0
track_21,Rock Song 21,Rock Artist 3,Rock Album 6,1985-08-04,62,rock,1980s,0.346,0.771,8,-14.716,1,0.259,0.378,0.31,0.052,0.411,86.1
track_22,Rock Song 22,Rock Artist 10,Rock Album 2,1985-02-13,86,rock,1980s,0.564,0.736,6,-24.926,0,0.285,0.189,0.01,0.275,0.597,138.9
track_23,Rock Song 23,Rock Artist 6,Rock Album 6,1985-11-23,66,rock,1980s,0.419,0.87,8,-13.079,1,0.041,0.369,0.028,0.116,0.442,98.6
track_24,Rock Song 24,Rock Artist 16,Rock Album 5,1985-02-26,87,rock,1980s,0.446,0.814,4,-20.939,1,0.038,0.309,0.335,0.325,0.703,88.1
track_25,Rock Song 25,Rock Artist 1,Rock Album 4,1985-09-16,77,rock,1980s,0.445,0.819,3,-9.738,0,0.062,0.111,0.102,0.184,0.545,134.2
track_26,Rock Song 26,Rock Artist 1,Rock Album 7,1985-05-11,67,rock,1980s,0.553,0.782,0,-20.611,1,0.215,0.169,0.267,0.058,0.73,84.5
track_27,Rock Song 27,Rock Artist 1,Rock Album 7,1985-12-06,69,rock,1980s,0.682,0.88,7,-7.936,0,0.163,0.223,0.478,0.179,0.608,146.7
track_28,Rock Song 28,Rock Artist 14,Rock Album 6,1985-08-02,81,rock,1980s,0.392,0.919,11,-9.431,1,0.256,0.659,0.472,0.287,0.557,89.0
track_29,Rock Song 29,Rock Artist 18,Rock Album 10,1985-12-09,86,rock,1980s,0.552,0.753,11,-13.744,1,0.196,0.109,0.094,0.364,0.768,176.1
track_30,Rock Song 30,Rock Artist 9,Rock Album 3,1985-04-23,72,rock,1980s,0.654,0.822,11,-8.954,1,0.242,0.601,0.087,0.101,0.712,136.0
track_31,Rock Song 31,Rock Artist 16,Rock Album 3,1985-06-09,64,rock,1980s,0.375,0.922,2,-24.465,1,0.043,0.636,0.071,0.394,0.423,97.2
track_32,Rock Song 32,Rock Artist 6,Rock Album 5,1985-10-05,87,rock,1980s,0.618,0.779,8,-19.231,1,0.279,0.198,0.056,0.338,0.586,99.2
track_33,Rock Song 33,Rock Artist 6,Rock Album 5,1985-05-21,71,rock,1980s,0.317,0.727,7,-11.665,0,0.095,0.282,0.197,0.317,0.634,147.0
track_34,Rock Song 34,Rock Artist 3,Rock Album 1,1985-07-27,74,rock,1980s,0.645,0.802,3,-8.424,0,0.074,0.279,0.085,0.368,0.552,90.0
track_35,Rock Song 35,Rock Artist 20,Rock Album 5,1985-04-14,70,rock,1980s,0.463,0.781,5,-9.812,0,0.077,0.175,0.12,0.187,0.784,88.0
track_36,Rock Song 36,Rock Artist 17,Rock Album 9,1985-05-23,86,rock,1980s,0.498,0.765,0,-14.295,1,0.236,0.127,0.423,0.108,0.465,155.4
track_37,Rock Song 37,Rock Artist 14,Rock Album 6,1985-05-25,83,rock,1980s,0.497,0.799,4,-19.259,1,0.136,0.365,0.375,0.199,0.794,150.7
track_38,Rock Song 38,Rock Artist 1,Rock Album 9,1985-11-28,76,rock,1980s,0.678,0.877,1,-20.66,1,0.048,0.264,0.471,0.372,0.684,166.3
track_39,Rock Song 39,Rock Artist 12,Rock Album 7,1985-12-19,80,rock,1980s,0.565,0.844,3,-6.957,0,0.083,0.689,0.13,0.331,0.469,98.6
track_40,Rock Song 40,Rock Artist 7,Rock Album 10,1985-02-14,79,rock,1980s,0.66,0.936,10,-24.229,0,0.085,0.215,0.257,0.091,0.443,93.8
track_41,Rock Song 41,Rock Artist 10,Rock Album 7,1985-09-24,61,rock,1980s,0.407,0.859,7,-18.236,0,0.061,0.422,0.083,0.224,0.461,104.9
track_42,Rock Song 42,Rock Artist 1,Rock Album 6,1985-04-21,89,rock,1980s,0.392,0.822,1,-15.299,1,0.032,0.119,0.341,0.37,0.704,168.9
track_43,Rock Song 43,Rock Artist 5,Rock Album 7,1985-10-24,83,rock,1980s,0.419,0.928,10,-10.511,0,0.196,0.559,0.031,0.31,0.647,80.7
track_44,Rock Song 44,Rock Artist 1,Rock Album 9,1985-07-27,68,rock,1980s,0.336,0.81,1,-13.351,1,0.044,0.162,0.037,0.095,0.705,96.3
track_45,Rock Song 45,Rock Artist 6,Rock Album 9,1985-08-17,65,rock,1980s,0.633,0.813,2,-15.432,0,0.236,0.445,0.067,0.116,0.472,168.6
track_46,Rock Song 46,Rock Artist 18,Rock Album 5,1985-01-26,73,rock,1980s,0.627,0.749,5,-10.449,1,0.283,0.14,0.387,0.156,0.654,179.6
track_47,Rock Song 47,Rock Artist 13,Rock Album 4,1985-05-09,76,rock,1980s,0.439,0.89,1,-11.733,0,0.15,0.688,0.07,0.213,0.455,133.8
track_48,Rock Song 48,Rock Artist 8,Rock Album 8,1985-09-27,72,rock,1980s,0.41,0.769,4,-14.88,1,0.1,0.355,0.159,0.189,0.651,88.0
track_49,Rock Song 49,Rock Artist 8,Rock Album 5,1985-08-05,96,rock,1980s,0.633,0.828,11,-10.283,1,0.258,0.587,0.196,0.319,0.757,160.9
track_50,Rock Song 50,Rock Artist 10,Rock Album 7,1985-08-16,84,rock,1980s,0.373,0.903,9,-6.975,0,0.183,0.632,0.3,0.155,0.455,108.4
track_51,Pop Song 1,Pop Artist 2,Pop Album 3,1985-07-26,61,pop,1980s,0.453,0.695,1,-15.567,0,0.217,0.127,0.491,0.279,0.697,129.3
track_52,Pop Song 2,Pop Artist 8,Pop Album 9,1985-08-17,73,pop,1980s,0.541,0.691,6,-8.053,0,0.125,0.526,0.286,0.153,0.581,94.8
track_53,Pop Song 3,Pop Artist 5,Pop Album 5,1985-05-27,73,pop,1980s,0.779,0.607,2,-13.349,0,0.162,0.509,0.449,0.342,0.653,109.6
track_54,Pop Song 4,Pop Artist 5,Pop Album 1,1985-02-09,67,pop,1980s,0.654,0.716,6,-9.834,0,0.265,0.49,0.462,0.328,0.589,111.7
track_55,Pop Song 5,Pop Artist 15,Pop Album 4,1985-07-28,80,pop,1980s,0.795,0.639,6,-13.645,1,0.122,0.118,0.42,0.24,0.649,132.3
track_56,Pop Song 6,Pop Artist 10,Pop Album 3,1985-09-01,72,pop,1980s,0.601,0.565,1,-8.676,0,0.219,0.482,0.129,0.293,0.52,135.6
track_57,Pop Song 7,Pop Artist 19,Pop Album 7,1985-07-02,82,pop,1980s,0.525,0.73,4,-20.393,0,0.262,0.696,0.154,0.12,0.715,178.0
track_58,Pop Song 8,Pop Artist 4,Pop Album 7,1985-09-06,93,pop,1980s,0.763,0.631,0,-12.839,0,0.153,0.517,0.337,0.153,0.627,127.8
track_59,Pop Song 9,Pop Artist 10,Pop Album 10,1985-11-19,89,pop,1980s,0.683,0.619,11,-8.042,1,0.152,0.58,0.182,0.345,0.679,145.6
track_60,Pop Song 10,Pop Artist 12,Pop Album 3,1985-10-21,72,pop,1980s,0.706,0.787,8,-7.245,0,0.24,0.362,0.429,0.271,0.596,145.4
track_61,Pop Song 11,Pop Artist 6,Pop Album 6,1985-04-22,86,pop,1980s,0.657,0.798,8,-19.143,1,0.179,0.269,0.08,0.341,0.763,111.0
track_62,Pop Song 12,Pop Artist 18,Pop Album 5,1985-08-02,72,pop,1980s,0.773,0.735,1,-9.815,1,0.075,0.396,0.419,0.071,0.496,168.8
track_63,Pop Song 13,Pop Artist 8,Pop Album 5,1985-02-03,87,pop,1980s,0.685,0.592,3,-17.957,1,0.279,0.574,0.134,0.081,0.491,81.3
track_64,Pop Song 14,Pop Artist 6,Pop Album 3,1985-10-11,74,pop,1980s,0.786,0.58,3,-20.668,0,0.161,0.563,0.342,0.329,0.606,178.8
track_65,Pop Song 15,Pop Artist 13,Pop Album 7,1985-05-18,73,pop,1980s,0.787,0.747,2,-15.603,1,0.047,0.185,0.304,0.34,0.766,166.2
track_66,Pop Song 16,Pop Artist 13,Pop Album 5,1985-10-25,86,pop,1980s,0.444,0.57,4,-6.174,0,0.02,0.376,0.282,0.287,0.695,155.0
track_67,Pop Song 17,Pop Artist 7,Pop Album 5,1985-07-12,90,pop,1980s,0.778,0.689,5,-19.67,1,0.052,0.572,0.264,0.123,0.71,113.9
track_68,Pop Song 18,Pop Artist 13,Pop Album 2,1985-10-18,65,pop,1980s,0.631,0.754,3,-23.853,1,0.258,0.415,0.145,0.222,0.595,126.1
track_69,Pop Song 19,Pop Artist 8,Pop Album 7,1985-05-08,67,pop,1980s,0.703,0.649,9,-16.7,1,0.224,0.511,0.495,0.35,0.765,134.8
track_70,Pop Song 20,Pop Artist 15,Pop Album 9,1985-02-20,81,pop,1980s,0.706,0.661,7,-14.386,1,0.055,0.196,0.042,0.216,0.666,155.7
track_71,Pop Song 21,Pop Artist 17,Pop Album 3,1985-11-09,76,pop,1980s,0.575,0.752,9,-23.879,1,0.023,0.14,0.192,0.075,0.529,116.5
track_72,Pop Song 22,Pop Artist 9,Pop Album 1,1985-07-13,70,pop,1980s,0.755,0.643,2,-11.895,1,0.216,0.447,0.473,0.348,0.519,144.3
track_73,Pop Song 23,Pop Artist 9,Pop Album 3,1985-01-10,92,pop,1980s,0.685,0.681,10,-13.171,1,0.156,0.196,0.296,0.337,0.616,168.9
track_74,Pop Song 24,Pop Artist 8,Pop Album 3,1985-09-05,75,pop,1980s,0.527,0.678,2,-21.331,1,0.201,0.295,0.349,0.127,0.686,109.4
track_75,Pop Song 25,Pop Artist 14,Pop Album 5,1985-06-25,68,pop,1980s,0.569,0.739,10,-20.807,0,0.248,0.571,0.393,0.127,0.514,136.4
track_76,Pop Song 26,Pop Artist 2,Pop Album 2,1985-11-17,88,pop,1980s,0.693,0.736,5,-12.418,0,0.246,0.146,0.397,0.227,0.509,140.5
track_77,Pop Song 27,Pop Artist 19,Pop Album 8,1985-02-07,68,pop,1980s,0.552,0.638,10,-13.73,0,0.193,0.25,0.159,0.28,0.599,96.7
track_78,Pop Song 28,Pop Artist 11,Pop Album 4,1985-09-05,84,pop,1980s,0.582,0.799,1,-23.792,0,0.064,0.421,0.242,0.221,0.473,98.7
track_79,Pop Song 29,Pop Artist 19,Pop Album 5,1985-07-20,90,pop,1980s,0.636,0.71,10,-23.122,1,0.193,0.635,0.026,0.393,0.751,177.8
track_80,Pop Song 30,Pop Artist 16,Pop Album 6,1985-02-21,70,pop,1980s,0.743,0.743,0,-22.288,1,0.083,0.205,0.179,0.108,0.632,173.9
track_81,Pop Song 31,Pop Artist 12,Pop Album 1,1985-07-15,58,pop,1980s,0.444,0.688,7,-9.257,0,0.119,0.561,0.411,0.19,0.401,171.7
track_82,Pop Song 32,Pop Artist 20,Pop Album 9,1985-03-27,71,pop,1980s,0.706,0.515,10,-8.076,0,0.221,0.138,0.329,0.279,0.54,179.1
track_83,Pop Song 33,Pop Artist 3,Pop Album 9,1985-01-15,79,pop,1980s,0.571,0.623,4,-11.768,1,0.282,0.144,0.385,0.243,0.661,106.5
track_84,Pop Song 34,Pop Artist 15,Pop Album 7,1985-06-01,62,pop,1980s,0.414,0.797,7,-6.475,1,0.279,0.17,0.39,0.19,0.611,133.9
track_85,Pop Song 35,Pop Artist 8,Pop Album 3,1985-03-18,72,pop,1980s,0.631,0.705,0,-8.417,0,0.282,0.543,0.488,0.34,0.413,105.3
track_86,Pop Song 36,Pop Artist 7,Pop Album 9,1985-12-09,80,pop,1980s,0.478,0.657,6,-24.886,1,0.235,0.636,0.477,0.215,0.412,97.3
track_87,Pop Song 37,Pop Artist 10,Pop Album 2,1985-07-02,67,pop,1980s,0.649,0.624,8,-15.368,1,0.231,0.447,0.036,0.084,0.404,104.0
track_88,Pop Song 38,Pop Artist 17,Pop Album 1,1985-07-14,65,pop,1980s,0.462,0.65,5,-10.132,1,0.27,0.211,0.41,0.2,0.543,82.9
track_89,Pop Song 39,Pop Artist 4,Pop Album 8,1985-12-09,71,pop,1980s,0.767,0.657,5,-15.128,1,0.037,0.161,0.123,0.186,0.649,131.9
track_90,Pop Song 40,Pop Artist 7,Pop Album 7,1985-09-17,81,pop,1980s,0.741,0.616,2,-10.858,0,0.102,0.159,0.326,0.266,0.678,154.1
track_91,Pop Song 41,Pop Artist 5,Pop Album 7,1985-02-20,77,pop,1980s,0.499,0.793,11,-18.906,1,0.273,0.424,0.214,0.389,0.508,81.8
track_92,Pop Song 42,Pop Artist 14,Pop Album 5,1985-01-21,81,pop,1980s,0.67,0.508,6,-10.033,0,0.221,0.378,0.114,0.328,0.58,86.2
track_93,Pop Song 43,Pop Artist 17,Pop Album 4,1985-03-13,76,pop,1980s,0.588,0.651,8,-22.23,1,0.149,0.37,0.432,0.217,0.661,159.7
track_94,Pop Song 44,Pop Artist 11,Pop Album 4,1985-09-20,89,pop,1980s,0.715,0.713,4,-19.422,0,0.136,0.314,0.114,0.168,0.527,98.3
track_95,Pop Song 45,Pop Artist 11,Pop Album 7,1985-11-13,68,pop,1980s,0.414,0.716,0,-10.716,1,0.168,0.575,0.131,0.388,0.759,83.0
track_96,Pop Song 46,Pop Artist 5,Pop Album 10,1985-11-11,72,pop,1980s,0.799,0.699,2,-17.274,1,0.142,0.181,0.001,0.114,0.437,169.6
track_97,Pop Song 47,Pop Artist 10,Pop Album 4,1985-04-27,77,pop,1980s,0.773,0.753,6,-15.12,0,0.23,0.324,0.367,0.139,0.758,164.4
track_98,Pop Song 48,Pop Artist 11,Pop Album 8,1985-06-10,61,pop,1980s,0.497,0.707,4,-5.242,1,0.134,0.46,0.221,0.4,0.497,123.3
track_99,Pop Song 49,Pop Artist 5,Pop Album 6,1985-11-26,66,pop,1980s,0.726,0.52,5,-22.634,1,0.258,0.482,0.193,0.234,0.563,128.6
track_100,Pop Song 50,Pop Artist 10,Pop Album 5,1985-11-04,73,pop,1980s,0.665,0.549,9,-22.401,1,0.075,0.157,0.285,0.349,0.414,128.6
track_101,Disco Song 1,Disco Artist 2,Disco Album 2,1985-02-24,96,disco,1980s,0.726,0.793,1,-7.681,0,0.162,0.597,0.131,0.376,0.769,110.7
track_102,Disco Song 2,Disco Artist 7,Disco Album 9,1985-07-16,91,disco,1980s,0.949,0.698,11,-24.097,1,0.122,0.216,0.248,0.214,0.773,104.1
track_103,Disco Song 3,Disco Artist 12,Disco Album 10,1985-06-03,93,disco,1980s,0.841,0.886,4,-13.898,1,0.112,0.404,0.494,0.228,0.634,85.7
track_104,Disco Song 4,Disco Artist 12,Disco Album 10,1985-01-13,74,disco,1980s,0.822,0.716,11,-6.458,1,0.165,0.678,0.455,0.228,0.896,93.4
track_105,Disco Song 5,Disco Artist 5,Disco Album 4,1985-12-20,85,disco,1980s,0.801,0.602,7,-22.491,1,0.048,0.331,0.095,0.27,0.884,114.4
track_106,Disco Song 6,Disco Artist 9,Disco Album 1,1985-05-15,71,disco,1980s,0.734,0.811,7,-8.446,0,0.199,0.241,0.347,0.367,0.813,114.6
track_107,Disco Song 7,Disco Artist 2,Disco Album 8,1985-03-04,100,disco,1980s,0.928,0.89,5,-12.378,0,0.294,0.356,0.343,0.085,0.801,103.4
track_108,Disco Song 8,Disco Artist 6,Disco Album 3,1985-10-13,87,disco,1980s,0.912,0.672,5,-17.802,1,0.083,0.578,0.423,0.219,0.724,154.5
track_109,Disco Song 9,Disco Artist 5,Disco Album 6,1985-02-19,84,disco,1980s,0.852,0.686,8,-19.646,0,0.192,0.348,0.176,0.138,0.664,103.8
track_110,Disco Song 10,Disco Artist 3,Disco Album 1,1985-11-15,84,disco,1980s,0.926,0.662,1,-23.986,0,0.284,0.2,0.412,0.279,0.864,170.6
track_111,Disco Song 11,Disco Artist 11,Disco Album 9,1985-04-13,95,disco,1980s,0.927,0.882,2,-8.932,1,0.059,0.624,0.183,0.317,0.639,167.5
track_112,Disco Song 12,Disco Artist 5,Disco Album 4,1985-07-07,97,disco,1980s,0.771,0.625,1,-7.978,1,0.133,0.619,0.203,0.314,0.889,100.8
track_113,Disco Song 13,Disco Artist 5,Disco Album 2,1985-06-01,77,disco,1980s,0.703,0.824,8,-19.486,0,0.149,0.361,0.247,0.1,0.633,175.0
track_114,Disco Song 14,Disco Artist 5,Disco Album 7,1985-10-05,90,disco,1980s,0.884,0.758,2,-5.014,0,0.246,0.222,0.05,0.161,0.642,122.5
track_115,Disco Song 15,Disco Artist 7,Disco Album 4,1985-05-24,90,disco,1980s,0.903,0.64,11,-10.172,1,0.198,0.57,0.363,0.187,0.834,169.5
track_116,Disco Song 16,Disco Artist 4,Disco Album 9,1985-11-18,97,disco,1980s,0.895,0.653,3,-19.466,1,0.03,0.482,0.405,0.126,0.666,163.5
track_117,Disco Song 17,Disco Artist 13,Disco Album 5,1985-11-06,81,disco,1980s,0.902,0.887,6,-21.265,0,0.036,0.49,0.382,0.301,0.816,151.0
track_118,Disco Song 18,Disco Artist 7,Disco Album 4,1985-09-06,94,disco,1980s,0.852,0.757,5,-14.437,1,0.232,0.637,0.365,0.276,0.669,109.0
track_119,Disco Song 19,Disco Artist 7,Disco Album 5,1985-10-20,81,disco,1980s,0.769,0.614,6,-15.798,0,0.088,0.144,0.162,0.25,0.707,87.8
track_120,Disco Song 20,Disco Artist 16,Disco Album 9,1985-05-20,91,disco,1980s,0.723,0.76,3,-14.882,1,0.278,0.235,0.369,0.129,0.822,138.2
track_121,Disco Song 21,Disco Artist 1,Disco Album 10,1985-02-10,73,disco,1980s,0.827,0.859,6,-23.168,1,0.161,0.304,0.181,0.109,0.792,135.8
track_122,Disco Song 22,Disco Artist 5,Disco Album 4,1985-08-24,96,disco,1980s,0.949,0.835,2,-8.221,0,0.17,0.193,0.153,0.345,0.631,144.1
track_123,Disco Song 23,Disco Artist 12,Disco Album 8,1985-12-22,79,disco,1980s,0.908,0.616,1,-18.973,1,0.246,0.285,0.493,0.18,0.66,128.8
track_124,Disco Song 24,Disco Artist 5,Disco Album 5,1985-07-09,100,disco,1980s,0.791,0.849,3,-13.872,1,0.036,0.115,0.248,0.159,0.882,129.8
track_125,Disco Song 25,Disco Artist 10,Disco Album 3,1985-07-21,84,disco,1980s,0.777,0.711,2,-7.976,1,0.187,0.545,0.47,0.344,0.891,116.9
track_126,Disco Song 26,Disco Artist 15,Disco Album 5,1985-08-12,73,disco,1980s,0.936,0.686,1,-22.732,1,0.16,0.308,0.443,0.294,0.872,166.8
track_127,Disco Song 27,Disco Artist 17,Disco Album 3,1985-12-07,81,disco,1980s,0.932,0.862,2,-6.365,1,0.225,0.402,0.271,0.329,0.666,122.0
track_128,Disco Song 28,Disco Artist 20,Disco Album 9,1985-03-08,69,disco,1980s,0.73,0.765,1,-18.047,0,0.299,0.326,0.31,0.08,0.7,137.4
track_129,Disco Song 29,Disco Artist 6,Disco Album 7,1985-01-12,85,disco,1980s,0.894,0.754,0,-10.813,1,0.088,0.503,0.119,0.051,0.809,163.9
track_130,Disco Song 30,Disco Artist 10,Disco Album 6,1985-02-21,77,disco,1980s,0.867,0.702,0,-16.277,1,0.248,0.387,0.202,0.346,0.651,149.7
track_131,Disco Song 31,Disco Artist 10,Disco Album 5,1985-03-20,96,disco,1980s,0.929,0.666,10,-20.856,1,0.216,0.695,0.476,0.319,0.807,107.0
track_132,Disco Song 32,Disco Artist 8,Disco Album 9,1985-01-25,84,disco,1980s,0.822,0.835,10,-19.294,0,0.023,0.586,0.482,0.343,0.68,137.2
track_133,Disco Song 33,Disco Artist 6,Disco Album 6,1985-05-01,80,disco,1980s,0.804,0.881,6,-7.036,1,0.297,0.519,0.309,0.167,0.825,124.7
track_134,Disco Song 34,Disco Artist 13,Disco Album 8,1985-05-24,87,disco,1980s,0.839,0.679,7,-7.798,1,0.226,0.244,0.079,0.233,0.605,110.1
track_135,Disco Song 35,Disco Artist 4,Disco Album 8,1985-06-24,98,disco,1980s,0.761,0.814,9,-21.558,0,0.135,0.615,0.451,0.068,0.883,161.2
track_136,Disco Song 36,Disco Artist 3,Disco Album 4,1985-04-24,78,disco,1980s,0.835,0.791,2,-15.715,1,0.14,0.691,0.158,0.229,0.754,143.0
track_137,Disco Song 37,Disco Artist 10,Disco Album 2,1985-07-14,73,disco,1980s,0.871,0.798,7,-20.515,1,0.159,0.37,0.397,0.17,0.749,106.2
track_138,Disco Song 38,Disco Artist 4,Disco Album 5,1985-05-24,79,disco,1980s,0.701,0.622,0,-24.094,0,0.121,0.54,0.26,0.078,0.613,155.7
track_139,Disco Song 39,Disco Artist 14,Disco Album 4,1985-03-04,92,disco,1980s,0.73,0.9,8,-21.826,0,0.059,0.465,0.403,0.051,0.631,95.4
track_140,Disco Song 40,Disco Artist 7,Disco Album 8,1985-03-28,89,disco,1980s,0.767,0.891,5,-5.421,0,0.256,0.57,0.055,0.145,0.864,113.5
track_141,Disco Song 41,Disco Artist 13,Disco Album 2,1985-07-19,82,disco,1980s,0.928,0.686,5,-17.113,1,0.212,0.566,0.199,0.111,0.746,113.6
track_142,Disco Song 42,Disco Artist 15,Disco Album 5,1985-02-21,86,disco,1980s,0.732,0.606,4,-16.859,1,0.231,0.261,0.209,0.236,0.629,148.5
track_143,Disco Song 43,Disco Artist 13,Disco Album 8,1985-10-03,93,disco,1980s,0.815,0.675,4,-14.647,1,0.187,0.169,0.299,0.094,0.732,162.7
track_144,Disco Song 44,Disco Artist 4,Disco Album 3,1985-04-28,86,disco,1980s,0.942,0.772,9,-23.991,0,0.026,0.621,0.357,0.304,0.634,141.5
track_145,Disco Song 45,Disco Artist 17,Disco Album 5,1985-01-07,86,disco,1980s,0.874,0.636,9,-24.549,1,0.05,0.343,0.029,0.059,0.674,169.2
track_146,Disco Song 46,Disco Artist 18,Disco Album 8,1985-12-20,89,disco,1980s,0.893,0.837,0,-23.201,0,0.258,0.184,0.089,0.321,0.646,134.5
track_147,Disco Song 47,Disco Artist 14,Disco Album 2,1985-01-22,97,disco,1980s,0.798,0.661,5,-14.637,0,0.269,0.639,0.401,0.136,0.866,179.7
track_148,Disco Song 48,Disco Artist 5,Disco Album 9,1985-10-08,97,disco,1980s,0.902,0.866,8,-11.405,0,0.132,0.475,0.081,0.101,0.762,132.0
track_149,Disco Song 49,Disco Artist 10,Disco Album 3,1985-11-10,100,disco,1980s,0.892,0.831,1,-23.077,1,0.195,0.329,0.116,0.388,0.846,110.8
track_150,Disco Song 50,Disco Artist 20,Disco Album 2,1985-01-24,85,disco,1980s,0.723,0.803,7,-16.893,1,0.08,0.408,0.061,0.178,0.798,169.5
track_151,Hip-Hop Song 1,Hip-Hop Artist 12,Hip-Hop Album 6,2005-12-02,67,hip-hop,2000s,0.657,0.622,0,-8.036,0,0.227,0.281,0.052,0.139,0.669,131.2
track_152,Hip-Hop Song 2,Hip-Hop Artist 12,Hip-Hop Album 7,2005-06-13,81,hip-hop,2000s,0.411,0.559,10,-20.925,1,0.281,0.406,0.213,0.382,0.655,159.7
track_153,Hip-Hop Song 3,Hip-Hop Artist 11,Hip-Hop Album 8,2005-12-13,69,hip-hop,2000s,0.724,0.558,1,-9.302,0,0.053,0.105,0.128,0.164,0.686,166.9
track_154,Hip-Hop Song 4,Hip-Hop Artist 3,Hip-Hop Album 9,2005-10-16,66,hip-hop,2000s,0.45,0.576,9,-16.346,0,0.156,0.335,0.053,0.36,0.787,170.2
track_155,Hip-Hop Song 5,Hip-Hop Artist 16,Hip-Hop Album 2,2005-02-04,75,hip-hop,2000s,0.474,0.65,3,-17.344,1,0.28,0.26,0.01,0.23,0.785,148.7
track_156,Hip-Hop Song 6,Hip-Hop Artist 7,Hip-Hop Album 9,2005-11-18,81,hip-hop,2000s,0.746,0.727,11,-18.115,0,0.228,0.161,0.052,0.098,0.78,85.9
track_157,Hip-Hop Song 7,Hip-Hop Artist 7,Hip-Hop Album 1,2005-07-12,75,hip-hop,2000s,0.412,0.573,7,-20.553,0,0.283,0.499,0.084,0.274,0.477,80.2
track_158,Hip-Hop Song 8,Hip-Hop Artist 8,Hip-Hop Album 7,2005-04-01,85,hip-hop,2000s,0.599,0.704,5,-14.76,1,0.138,0.158,0.091,0.082,0.562,123.4
track_159,Hip-Hop Song 9,Hip-Hop Artist 13,Hip-Hop Album 3,2005-04-10,74,hip-hop,2000s,0.791,0.782,4,-10.825,1,0.216,0.38,0.109,0.367,0.75,134.4
track_160,Hip-Hop Song 10,Hip-Hop Artist 10,Hip-Hop Album 5,2005-03-25,76,hip-hop,2000s,0.458,0.646,10,-23.928,0,0.282,0.431,0.073,0.161,0.692,149.3
track_161,Hip-Hop Song 11,Hip-Hop Artist 3,Hip-Hop Album 9,2005-03-02,76,hip-hop,2000s,0.497,0.583,11,-16.008,0,0.206,0.515,0.151,0.136,0.511,151.8
track_162,Hip-Hop Song 12,Hip-Hop Artist 6,Hip-Hop Album 3,2005-06-05,68,hip-hop,2000s,0.754,0.767,8,-24.616,0,0.206,0.572,0.25,0.103,0.621,159.2
track_163,Hip-Hop Song 13,Hip-Hop Artist 17,Hip-Hop Album 5,2005-07-24,64,hip-hop,2000s,0.501,0.798,6,-22.702,0,0.22,0.397,0.016,0.321,0.458,135.9
track_164,Hip-Hop Song 14,Hip-Hop Artist 9,Hip-Hop Album 3,2005-07-16,87,hip-hop,2000s,0.438,0.584,11,-10.094,1,0.048,0.535,0.242,0.391,0.48,133.1
track_165,Hip-Hop Song 15,Hip-Hop Artist 13,Hip-Hop Album 9,2005-04-22,64,hip-hop,2000s,0.707,0.506,7,-18.057,0,0.231,0.322,0.272,0.312,0.575,167.3
track_166,Hip-Hop Song 16,Hip-Hop Artist 7,Hip-Hop Album 10,2005-03-15,70,hip-hop,2000s,0.507,0.518,3,-19.373,0,0.294,0.35,0.48,0.376,0.645,174.1
track_167,Hip-Hop Song 17,Hip-Hop Artist 14,Hip-Hop Album 5,2005-02-09,84,hip-hop,2000s,0.676,0.687,9,-18.738,1,0.178,0.113,0.424,0.331,0.702,144.7
track_168,Hip-Hop Song 18,Hip-Hop Artist 15,Hip-Hop Album 2,2005-10-26,73,hip-hop,2000s,0.727,0.713,8,-21.578,0,0.193,0.7,0.115,0.356,0.72,132.1
track_169,Hip-Hop Song 19,Hip-Hop Artist 11,Hip-Hop Album 2,2005-11-09,77,hip-hop,2000s,0.769,0.632,7,-9.566,1,0.042,0.386,0.198,0.128,0.8,91.1
track_170,Hip-Hop Song 20,Hip-Hop Artist 17,Hip-Hop Album 1,2005-06-16,63,hip-hop,2000s,0.503,0.788,11,-8.038,1,0.136,0.206,0.312,0.053,0.539,83.9
track_171,Hip-Hop Song 21,Hip-Hop Artist 2,Hip-Hop Album 2,2005-02-22,77,hip-hop,2000s,0.422,0.63,4,-20.084,1,0.089,0.629,0.322,0.195,0.627,167.7
track_172,Hip-Hop Song 22,Hip-Hop Artist 19,Hip-Hop Album 4,2005-07-13,84,hip-hop,2000s,0.622,0.684,3,-7.527,1,0.258,0.576,0.414,0.108,0.505,89.6
track_173,Hip-Hop Song 23,Hip-Hop Artist 1,Hip-Hop Album 7,2005-04-02,81,hip-hop,2000s,0.722,0.668,10,-10.787,0,0.069,0.671,0.111,0.29,0.676,90.1
track_174,Hip-Hop Song 24,Hip-Hop Artist 11,Hip-Hop Album 5,2005-11-06,74,hip-hop,2000s,0.679,0.545,0,-13.929,0,0.137,0.374,0.397,0.085,0.742,146.8
track_175,Hip-Hop Song 25,Hip-Hop Artist 12,Hip-Hop Album 2,2005-01-28,71,hip-hop,2000s,0.715,0.799,6,-22.884,1,0.115,0.362,0.282,0.31,0.583,98.5
track_176,Hip-Hop Song 26,Hip-Hop Artist 16,Hip-Hop Album 7,2005-05-21,89,hip-hop,2000s,0.488,0.693,9,-12.538,0,0.223,0.108,0.43,0.154,0.444,103.1
track_177,Hip-Hop Song 27,Hip-Hop Artist 18,Hip-Hop Album 6,2005-08-21,88,hip-hop,2000s,0.615,0.627,6,-5.596,0,0.227,0.158,0.277,0.293,0.545,178.2
track_178,Hip-Hop Song 28,Hip-Hop Artist 18,Hip-Hop Album 5,2005-10-18,69,hip-hop,2000s,0.744,0.791,0,-15.619,1,0.115,0.648,0.095,0.251,0.465,164.9
track_179,Hip-Hop Song 29,Hip-Hop Artist 2,Hip-Hop Album 6,2005-08-14,72,hip-hop,2000s,0.472,0.58,6,-7.934,0,0.151,0.214,0.271,0.126,0.662,119.1
track_180,Hip-Hop Song 30,Hip-Hop Artist 11,Hip-Hop Album 7,2005-11-01,76,hip-hop,2000s,0.521,0.68,10,-17.722,1,0.2,0.123,0.322,0.309,0.589,103.1
track_181,Hip-Hop Song 31,Hip-Hop Artist 8,Hip-Hop Album 10,2005-01-02,62,hip-hop,2000s,0.443,0.732,4,-22.99,0,0.239,0.272,0.121,0.231,0.407,123.4
track_182,Hip-Hop Song 32,Hip-Hop Artist 4,Hip-Hop Album 7,2005-04-04,74,hip-hop,2000s,0.451,0.72,11,-7.236,1,0.283,0.382,0.154,0.119,0.748,164.3
track_183,Hip-Hop Song 33,Hip-Hop Artist 5,Hip-Hop Album 1,2005-04-10,85,hip-hop,2000s,0.411,0.762,5,-5.992,1,0.056,0.556,0.116,0.297,0.759,109.0
track_184,Hip-Hop Song 34,Hip-Hop Artist 1,Hip-Hop Album 7,2005-02-27,81,hip-hop,2000s,0.6,0.63,2,-14.049,1,0.276,0.398,0.177,0.234,0.595,84.9
track_185,Hip-Hop Song 35,Hip-Hop Artist 18,Hip-Hop Album 4,2005-07-28,77,hip-hop,2000s,0.698,0.633,6,-5.469,1,0.194,0.596,0.421,0.088,0.664,100.4
track_186,Hip-Hop Song 36,Hip-Hop Artist 18,Hip-Hop Album 3,2005-08-21,80,hip-hop,2000s,0.529,0.766,4,-18.896,1,0.089,0.172,0.04,0.332,0.729,82.8
track_187,Hip-Hop Song 37,Hip-Hop Artist 7,Hip-Hop Album 5,2005-02-03,68,hip-hop,2000s,0.746,0.74,9,-6.638,0,0.112,0.313,0.283,0.154,0.485,167.8
track_188,Hip-Hop Song 38,Hip-Hop Artist 5,Hip-Hop Album 5,2005-11-17,59,hip-hop,2000s,0.507,0.545,0,-16.207,0,0.219,0.228,0.362,0.221,0.531,164.9
track_189,Hip-Hop Song 39,Hip-Hop Artist 12,Hip-Hop Album 1,2005-07-11,70,hip-hop,2000s,0.511,0.557,9,-7.515,1,0.116,0.661,0.433,0.342,0.548,175.6
track_190,Hip-Hop Song 40,Hip-Hop Artist 14,Hip-Hop Album 10,2005-12-13,89,hip-hop,2000s,0.798,0.757,6,-19.987,0,0.125,0.458,0.198,0.341,0.658,108.4
track_191,Hip-Hop Song 41,Hip-Hop Artist 20,Hip-Hop Album 2,2005-09-26,62,hip-hop,2000s,0.606,0.627,11,-16.74,0,0.155,0.577,0.216,0.392,0.434,155.1
track_192,Hip-Hop Song 42,Hip-Hop Artist 6,Hip-Hop Album 5,2005-08-18,65,hip-hop,2000s,0.613,0.633,6,-17.051,0,0.19,0.675,0.335,0.225,0.479,111.8
track_193,Hip-Hop Song 43,Hip-Hop Artist 15,Hip-Hop Album 1,2005-11-17,85,hip-hop,2000s,0.661,0.619,3,-10.594,1,0.174,0.259,0.056,0.157,0.659,103.1
track_194,Hip-Hop Song 44,Hip-Hop Artist 13,Hip-Hop Album 8,2005-10-16,92,hip-hop,2000s,0.647,0.763,3,-24.395,1,0.106,0.627,0.069,0.331,0.441,155.6
track_195,Hip-Hop Song 45,Hip-Hop Artist 3,Hip-Hop Album 6,2005-03-09,91,hip-hop,2000s,0.731,0.572,3,-14.516,1,0.214,0.488,0.115,0.387,0.723,99.4
track_196,Hip-Hop Song 46,Hip-Hop Artist 18,Hip-Hop Album 6,2005-09-11,68,hip-hop,2000s,0.53,0.65,7,-13.326,1,0.251,0.481,0.459,0.213,0.426,83.8
track_197,Hip-Hop Song 47,Hip-Hop Artist 3,Hip-Hop Album 5,2005-05-26,83,hip-hop,2000s,0.72,0.709,8,-10.189,0,0.104,0.613,0.232,0.261,0.621,137.2
track_198,Hip-Hop Song 48,Hip-Hop Artist 19,Hip-Hop Album 9,2005-02-26,92,hip-hop,2000s,0.673,0.578,8,-11.013,1,0.046,0.433,0.287,0.206,0.583,81.6
track_199,Hip-Hop Song 49,Hip-Hop Artist 7,Hip-Hop Album 3,2005-10-09,70,hip-hop,2000s,0.612,0.705,9,-22.206,0,0.198,0.346,0.354,0.146,0.512,170.6
track_200,Hip-Hop Song 50,Hip-Hop Artist 4,Hip-Hop Album 1,2005-05-28,81,hip-hop,2000s,0.576,0.744,4,-7.898,0,0.287,0.656,0.114,0.323,0.508,117.0
track_201,R&B Song 1,R&B Artist 16,R&B Album 7,2005-03-04,66,r&b,2000s,0.717,0.527,2,-21.512,1,0.257,0.519,0.35,0.166,0.501,104.8
track_202,R&B Song 2,R&B Artist 10,R&B Album 9,2005-08-26,83,r&b,2000s,0.786,0.743,7,-12.728,1,0.109,0.489,0.38,0.156,0.63,160.0
track_203,R&B Song 3,R&B Artist 10,R&B Album 5,2005-02-06,87,r&b,2000s,0.559,0.706,1,-20.412,1,0.043,0.246,0.183,0.103,0.71,135.4
track_204,R&B Song 4,R&B Artist 3,R&B Album 2,2005-03-11,80,r&b,2000s,0.543,0.64,1,-10.622,1,0.163,0.115,0.339,0.397,0.509,136.7
track_205,R&B Song 5,R&B Artist 18,R&B Album 10,2005-01-16,91,r&b,2000s,0.516,0.747,1,-16.104,1,0.092,0.413,0.309,0.314,0.532,81.1
track_206,R&B Song 6,R&B Artist 8,R&B Album 2,2005-12-16,74,r&b,2000s,0.735,0.788,1,-9.457,1,0.097,0.2,0.107,0.138,0.733,157.9
track_207,R&B Song 7,R&B Artist 3,R&B Album 10,2005-03-02,69,r&b,2000s,0.511,0.557,1,-24.421,1,0.153,0.228,0.132,0.329,0.604,86.9
track_208,R&B Song 8,R&B Artist 15,R&B Album 9,2005-03-21,78,r&b,2000s,0.722,0.683,0,-12.965,0,0.085,0.34,0.068,0.054,0.775,149.4
track_209,R&B Song 9,R&B Artist 4,R&B Album 8,2005-05-12,81,r&b,2000s,0.796,0.568,7,-17.4,0,0.09,0.674,0.245,0.251,0.721,146.0
track_210,R&B Song 10,R&B Artist 13,R&B Album 7,2005-10-07,85,r&b,2000s,0.548,0.754,8,-12.899,0,0.108,0.61,0.468,0.07,0.555,123.2
track_211,R&B Song 11,R&B Artist 13,R&B Album 2,2005-12-26,93,r&b,2000s,0.62,0.681,1,-19.181,0,0.218,0.538,0.037,0.318,0.751,108.5
track_212,R&B Song 12,R&B Artist 18,R&B Album 2,2005-05-04,68,r&b,2000s,0.794,0.503,0,-7.001,1,0.173,0.542,0.048,0.14,0.495,87.3
track_213,R&B Song 13,R&B Artist 7,R&B Album 7,2005-10-23,82,r&b,2000s,0.545,0.758,0,-5.143,1,0.061,0.587,0.014,0.371,0.679,128.6
track_214,R&B Song 14,R&B Artist 6,R&B Album 8,2005-04-21,79,r&b,2000s,0.473,0.716,8,-18.582,1,0.077,0.401,0.006,0.189,0.41,88.3
track_215,R&B Song 15,R&B Artist 4,R&B Album 10,2005-11-13,81,r&b,2000s,0.593,0.796,2,-15.198,0,0.179,0.668,0.403,0.084,0.618,112.9
track_216,R&B Song 16,R&B Artist 10,R&B Album 2,2005-08-06,80,r&b,2000s,0.548,0.52,3,-15.469,1,0.135,0.594,0.196,0.155,0.71,150.0
track_217,R&B Song 17,R&B Artist 10,R&B Album 7,2005-03-09,69,r&b,2000s,0.615,0.608,7,-13.178,1,0.23,0.613,0.253,0.052,0.757,172.0
track_218,R&B Song 18,R&B Artist 18,R&B Album 6,2005-11-14,80,r&b,2000s,0.567,0.738,5,-10.251,0,0.177,0.659,0.096,0.191,0.418,97.2
track_219,R&B Song 19,R&B Artist 8,R&B Album 8,2005-09-28,74,r&b,2000s,0.599,0.522,5,-23.509,1,0.255,0.35,0.422,0.141,0.526,140.5
track_220,R&B Song 20,R&B Artist 1,R&B Album 9,2005-07-20,69,r&b,2000s,0.478,0.533,10,-14.46,0,0.152,0.101,0.495,0.217,0.755,164.5
track_221,R&B Song 21,R&B Artist 1,R&B Album 4,2005-07-09,83,r&b,2000s,0.739,0.758,2,-6.772,0,0.226,0.295,0.051,0.368,0.649,166.1
track_222,R&B Song 22,R&B Artist 19,R&B Album 3,2005-03-13,84,r&b,2000s,0.63,0.575,9,-10.795,0,0.117,0.636,0.272,0.142,0.423,116.2
track_223,R&B Song 23,R&B Artist 4,R&B Album 7,2005-09-25,70,r&b,2000s,0.629,0.603,7,-5.24,0,0.062,0.354,0.17,0.171,0.513,164.0
track_224,R&B Song 24,R&B Artist 17,R&B Album 5,2005-12-22,81,r&b,2000s,0.42,0.565,9,-8.981,1,0.141,0.219,0.095,0.176,0.603,87.7
track_225,R&B Song 25,R&B Artist 3,R&B Album 2,2005-12-24,87,r&b,2000s,0.777,0.662,0,-20.96,0,0.199,0.113,0.12,0.221,0.673,133.8
track_226,R&B Song 26,R&B Artist 7,R&B Album 4,2005-09-27,68,r&b,2000s,0.488,0.751,3,-20.223,1,0.291,0.412,0.072,0.087,0.587,150.9
track_227,R&B Song 27,R&B Artist 17,R&B Album 1,2005-06-09,79,r&b,2000s,0.613,0.578,2,-11.03,1,0.246,0.173,0.205,0.304,0.506,142.9
track_228,R&B Song 28,R&B Artist 6,R&B Album 5,2005-05-17,77,r&b,2000s,0.49,0.584,0,-16.02,0,0.058,0.623,0.447,0.314,0.476,82.6
track_229,R&B Song 29,R&B Artist 9,R&B Album 3,2005-12-15,95,r&b,2000s,0.666,0.631,8,-17.243,1,0.041,0.427,0.153,0.385,0.785,173.1
track_230,R&B Song 30,R&B Artist 18,R&B Album 2,2005-04-17,82,r&b,2000s,0.734,0.603,9,-14.283,0,0.22,0.66,0.302,0.375,0.453,116.4
track_231,R&B Song 31,R&B Artist 5,R&B Album 5,2005-08-27,65,r&b,2000s,0.444,0.5,7,-13.831,1,0.134,0.107,0.196,0.192,0.53,93.8
track_232,R&B Song 32,R&B Artist 15,R&B Album 6,2005-10-15,87,r&b,2000s,0.725,0.788,6,-17.539,1,0.135,0.458,0.262,0.307,0.53,125.3
track_233,R&B Song 33,R&B Artist 3,R&B Album 7,2005-05-15,84,r&b,2000s,0.75,0.508,1,-13.875,0,0.219,0.218,0.022,0.245,0.729,94.8
track_234,R&B Song 34,R&B Artist 5,R&B Album 3,2005-06-18,87,r&b,2000s,0.711,0.673,7,-18.669,0,0.104,0.435,0.057,0.323,0.582,121.7
track_235,R&B Song 35,R&B Artist 17,R&B Album 3,2005-11-28,75,r&b,2000s,0.742,0.716,8,-12.921,0,0.175,0.36,0.138,0.279,0.664,122.4
track_236,R&B Song 36,R&B Artist 11,R&B Album 9,2005-05-24,72,r&b,2000s,0.62,0.719,6,-22.062,0,0.125,0.19,0.098,0.166,0.706,148.1
track_237,R&B Song 37,R&B Artist 17,R&B Album 5,2005-06-09,70,r&b,2000s,0.507,0.62,9,-9.993,0,0.058,0.302,0.07,0.27,0.432,176.5
track_238,R&B Song 38,R&B Artist 8,R&B Album 1,2005-01-03,67,r&b,2000s,0.543,0.522,8,-7.848,1,0.04,0.605,0.104,0.138,0.432,165.2
track_239,R&B Song 39,R&B Artist 19,R&B Album 4,2005-03-02,71,r&b,2000s,0.42,0.698,9,-13.317,0,0.274,0.504,0.036,0.322,0.444,151.4
track_240,R&B Song 40,R&B Artist 18,R&B Album 7,2005-08-23,68,r&b,2000s,0.795,0.695,0,-10.841,0,0.255,0.456,0.158,0.128,0.448,138.3
track_241,R&B Song 41,R&B Artist 12,R&B Album 2,2005-07-23,91,r&b,2000s,0.686,0.516,9,-21.143,1,0.201,0.655,0.17,0.28,0.608,159.8
track_242,R&B Song 42,R&B Artist 16,R&B Album 4,2005-03-11,74,r&b,2000s,0.619,0.508,8,-7.09,0,0.14,0.525,0.492,0.314,0.508,143.3
track_243,R&B Song 43,R&B Artist 19,R&B Album 4,2005-04-01,90,r&b,2000s,0.542,0.659,11,-5.874,0,0.19,0.536,0.182,0.383,0.768,131.0
track_244,R&B Song 44,R&B Artist 5,R&B Album 2,2005-04-05,88,r&b,2000s,0.65,0.537,8,-17.945,0,0.159,0.617,0.391,0.152,0.455,150.7
track_245,R&B Song 45,R&B Artist 10,R&B Album 6,2005-05-06,67,r&b,2000s,0.51,0.555,1,-17.635,0,0.293,0.132,0.217,0.248,0.682,155.8
track_246,R&B Song 46,R&B Artist 19,R&B Album 9,2005-09-15,90,r&b,2000s,0.785,0.528,7,-19.767,0,0.129,0.527,0.481,0.31,0.469,127.4
track_247,R&B Song 47,R&B Artist 1,R&B Album 3,2005-04-07,68,r&b,2000s,0.5,0.637,3,-23.676,0,0.065,0.392,0.269,0.268,0.774,97.9
track_248,R&B Song 48,R&B Artist 19,R&B Album 10,2005-01-02,91,r&b,2000s,0.695,0.684,3,-22.36,0,0.196,0.108,0.404,0.129,0.635,89.7
track_249,R&B Song 49,R&B Artist 15,R&B Album 9,2005-07-26,69,r&b,2000s,0.462,0.604,6,-16.423,0,0.139,0.561,0.375,0.28,0.795,122.9
track_250,R&B Song 50,R&B Artist 19,R&B Album 10,2005-01-21,80,r&b,2000s,0.41,0.629,8,-17.787,1,0.05,0.698,0.356,0.288,0.498,96.3
track_251,Electronic Song 1,Electronic Artist 15,Electronic Album 2,2005-08-19,93,electronic,2000s,0.818,0.849,8,-15.615,0,0.127,0.497,0.471,0.345,0.432,89.1
track_252,Electronic Song 2,Electronic Artist 11,Electronic Album 6,2005-10-10,90,electronic,2000s,0.794,0.936,9,-6.54,1,0.283,0.497,0.423,0.18,0.449,123.9
track_253,Electronic Song 3,Electronic Artist 14,Electronic Album 5,2005-10-21,87,electronic,2000s,0.899,0.864,1,-22.921,1,0.152,0.165,0.167,0.217,0.576,107.4
track_254,Electronic Song 4,Electronic Artist 4,Electronic Album 8,2005-12-22,69,electronic,2000s,0.726,0.862,0,-24.605,1,0.278,0.675,0.262,0.107,0.421,134.5
track_255,Electronic Song 5,Electronic Artist 3,Electronic Album 1,2005-01-14,84,electronic,2000s,0.696,0.814,3,-21.396,0,0.047,0.417,0.242,0.259,0.555,114.8
track_256,Electronic Song 6,Electronic Artist 17,Electronic Album 7,2005-05-06,90,electronic,2000s,0.655,0.881,3,-18.011,1,0.26,0.467,0.439,0.096,0.532,160.6
track_257,Electronic Song 7,Electronic Artist 16,Electronic Album 10,2005-11-28,97,electronic,2000s,0.803,0.943,9,-7.322,0,0.077,0.626,0.137,0.317,0.407,87.1
track_258,Electronic Song 8,Electronic Artist 1,Electronic Album 10,2005-06-26,87,electronic,2000s,0.671,0.813,11,-12.541,1,0.132,0.283,0.283,0.393,0.582,91.4
track_259,Electronic Song 9,Electronic Artist 17,Electronic Album 5,2005-10-24,81,electronic,2000s,0.824,0.867,8,-6.305,1,0.288,0.428,0.313,0.292,0.371,89.6
track_260,Electronic Song 10,Electronic Artist 16,Electronic Album 5,2005-10-17,79,electronic,2000s,0.801,0.834,6,-14.575,1,0.175,0.279,0.021,0.135,0.66,132.9
track_261,Electronic Song 11,Electronic Artist 18,Electronic Album 8,2005-06-28,82,electronic,2000s,0.9,0.88,10,-15.695,0,0.262,0.45,0.209,0.259,0.704,132.0
track_262,Electronic Song 12,Electronic Artist 8,Electronic Album 6,2005-02-19,80,electronic,2000s,0.833,0.807,1,-6.923,0,0.296,0.352,0.311,0.23,0.726,126.8
track_263,Electronic Song 13,Electronic Artist 9,Electronic Album 8,2005-12-17,90,electronic,2000s,0.653,0.906,7,-21.019,0,0.091,0.674,0.307,0.28,0.679,128.7
track_264,Electronic Song 14,Electronic Artist 9,Electronic Album 3,2005-07-05,74,electronic,2000s,0.746,0.895,0,-13.477,0,0.066,0.48,0.113,0.114,0.772,87.3
track_265,Electronic Song 15,Electronic Artist 6,Electronic Album 3,2005-04-06,70,electronic,2000s,0.644,0.878,8,-7.571,0,0.11,0.422,0.204,0.281,0.604,113.8
track_266,Electronic Song 16,Electronic Artist 1,Electronic Album 2,2005-07-03,69,electronic,2000s,0.781,0.852,10,-9.994,0,0.104,0.121,0.419,0.206,0.454,143.6
track_267,Electronic Song 17,Electronic Artist 8,Electronic Album 7,2005-04-26,92,electronic,2000s,0.64,0.933,6,-9.94,1,0.043,0.662,0.445,0.231,0.55,125.1
track_268,Electronic Song 18,Electronic Artist 15,Electronic Album 6,2005-09-26,94,electronic,2000s,0.833,0.862,5,-23.151,1,0.022,0.365,0.089,0.154,0.602,146.3
track_269,Electronic Song 19,Electronic Artist 12,Electronic Album 1,2005-05-19,94,electronic,2000s,0.728,0.9,5,-8.795,0,0.14,0.374,0.305,0.381,0.706,101.1
track_270,Electronic Song 20,Electronic Artist 4,Electronic Album 3,2005-11-13,78,electronic,2000s,0.822,0.84,7,-20.048,0,0.15,0.57,0.059,0.16,0.397,149.0
track_271,Electronic Song 21,Electronic Artist 5,Electronic Album 8,2005-04-07,68,electronic,2000s,0.678,0.826,11,-21.794,0,0.118,0.258,0.493,0.224,0.535,96.2
track_272,Electronic Song 22,Electronic Artist 10,Electronic Album 5,2005-07-09,70,electronic,2000s,0.879,0.809,8,-24.06,0,0.299,0.145,0.443,0.289,0.561,117.1
track_273,Electronic Song 23,Electronic Artist 19,Electronic Album 10,2005-05-01,77,electronic,2000s,0.71,0.909,9,-5.065,1,0.164,0.429,0.246,0.076,0.641,96.8
track_274,Electronic Song 24,Electronic Artist 3,Electronic Album 5,2005-09-15,89,electronic,2000s,0.891,0.902,1,-8.812,0,0.148,0.133,0.156,0.344,0.452,116.4
track_275,Electronic Song 25,Electronic Artist 2,Electronic Album 3,2005-06-16,91,electronic,2000s,0.765,0.871,7,-8.684,1,0.206,0.181,0.114,0.125,0.671,87.7
track_276,Electronic Song 26,Electronic Artist 13,Electronic Album 6,2005-11-20,94,electronic,2000s,0.78,0.802,0,-20.05,0,0.134,0.646,0.478,0.227,0.427,97.5
track_277,Electronic Song 27,Electronic Artist 17,Electronic Album 3,2005-07-19,85,electronic,2000s,0.88,0.93,10,-23.719,0,0.295,0.392,0.374,0.267,0.625,138.8
track_278,Electronic Song 28,Electronic Artist 20,Electronic Album 6,2005-03-10,87,electronic,2000s,0.64,0.823,4,-13.596,0,0.276,0.5,0.37,0.399,0.318,151.7
track_279,Electronic Song 29,Electronic Artist 2,Electronic Album 3,2005-10-01,80,electronic,2000s,0.688,0.931,2,-7.155,0,0.141,0.457,0.46,0.062,0.461,129.9
track_280,Electronic Song 30,Electronic Artist 19,Electronic Album 5,2005-03-16,73,electronic,2000s,0.818,0.927,5,-13.292,0,0.292,0.66,0.178,0.296,0.348,101.1
track_281,Electronic Song 31,Electronic Artist 16,Electronic Album 10,2005-08-17,82,electronic,2000s,0.632,0.931,10,-19.646,0,0.085,0.612,0.474,0.206,0.382,98.7
track_282,Electronic Song 32,Electronic Artist 10,Electronic Album 7,2005-05-17,100,electronic,2000s,0.82,0.923,6,-18.926,1,0.28,0.183,0.035,0.34,0.689,125.2
track_283,Electronic Song 33,Electronic Artist 10,Electronic Album 8,2005-10-07,72,electronic,2000s,0.7,0.911,8,-18.13,0,0.103,0.531,0.106,0.081,0.707,155.7
track_284,Electronic Song 34,Electronic Artist 10,Electronic Album 7,2005-07-01,77,electronic,2000s,0.611,0.89,10,-15.875,0,0.071,0.483,0.239,0.086,0.772,150.4
track_285,Electronic Song 35,Electronic Artist 7,Electronic Album 7,2005-02-27,90,electronic,2000s,0.856,0.803,1,-11.27,1,0.25,0.683,0.029,0.051,0.568,167.8
track_286,Electronic Song 36,Electronic Artist 2,Electronic Album 5,2005-01-27,87,electronic,2000s,0.725,0.884,3,-7.338,0,0.146,0.253,0.021,0.167,0.511,176.5
track_287,Electronic Song 37,Electronic Artist 4,Electronic Album 6,2005-09-28,70,electronic,2000s,0.758,0.815,4,-7.811,0,0.239,0.229,0.242,0.253,0.722,87.2
track_288,Electronic Song 38,Electronic Artist 17,Electronic Album 3,2005-08-24,83,electronic,2000s,0.743,0.898,4,-18.958,1,0.119,0.362,0.393,0.097,0.325,106.3
track_289,Electronic Song 39,Electronic Artist 14,Electronic Album 9,2005-11-25,80,electronic,2000s,0.719,0.896,9,-8.041,0,0.197,0.195,0.195,0.327,0.787,116.6
track_290,Electronic Song 40,Electronic Artist 3,Electronic Album 9,2005-11-22,90,electronic,2000s,0.76,0.854,2,-12.578,0,0.1,0.289,0.041,0.198,0.375,109.4
track_291,Electronic Song 41,Electronic Artist 5,Electronic Album 4,2005-07-14,88,electronic,2000s,0.814,0.926,11,-9.08,0,0.084,0.272,0.347,0.096,0.681,174.5
track_292,Electronic Song 42,Electronic Artist 10,Electronic Album 6,2005-10-12,67,electronic,2000s,0.624,0.872,4,-14.237,0,0.247,0.692,0.234,0.274,0.586,130.9
track_293,Electronic Song 43,Electronic Artist 10,Electronic Album 5,2005-11-15,78,electronic,2000s,0.775,0.901,5,-21.06,1,0.251,0.3,0.345,0.238,0.623,83.5
track_294,Electronic Song 44,Electronic Artist 7,Electronic Album 7,2005-02-17,88,electronic,2000s,0.841,0.806,2,-5.24,0,0.113,0.615,0.429,0.312,0.752,81.7
track_295,Electronic Song 45,Electronic Artist 5,Electronic Album 7,2005-12-23,83,electronic,2000s,0.881,0.888,3,-12.293,0,0.077,0.251,0.418,0.298,0.522,150.5
track_296,Electronic Song 46,Electronic Artist 6,Electronic Album 7,2005-09-17,99,electronic,2000s,0.72,0.892,3,-12.075,1,0.2,0.531,0.271,0.221,0.697,123.2
track_297,Electronic Song 47,Electronic Artist 12,Electronic Album 4,2005-02-02,79,electronic,2000s,0.824,0.839,1,-13.815,1,0.265,0.127,0.321,0.115,0.645,143.5
track_298,Electronic Song 48,Electronic Artist 1,Electronic Album 9,2005-08-01,75,electronic,2000s,0.716,0.934,1,-22.103,1,0.046,0.19,0.411,0.312,0.665,178.8
track_299,Electronic Song 49,Electronic Artist 13,Electronic Album 1,2005-03-28,96,electronic,2000s,0.857,0.908,11,-7.56,1,0.249,0.28,0.247,0.243,0.549,98.5
track_300,Electronic Song 50,Electronic Artist 9,Electronic Album 1,2005-08-17,90,electronic,2000s,0.809,0.805,10,-21.469,1,0.151,0.539,0.291,0.289,0.461,93.1
track_301,K-Pop Song 1,K-Pop Artist 17,K-Pop Album 9,2022-06-21,96,k-pop,2020s,0.844,0.778,5,-24.916,0,0.092,0.541,0.452,0.12,0.685,129.5
track_302,K-Pop Song 2,K-Pop Artist 19,K-Pop Album 10,2022-07-24,79,k-pop,2020s,0.891,0.733,3,-22.238,0,0.256,0.373,0.278,0.255,0.894,87.2
track_303,K-Pop Song 3,K-Pop Artist 17,K-Pop Album 6,2022-09-15,95,k-pop,2020s,0.756,0.741,0,-10.696,0,0.277,0.437,0.089,0.286,0.655,126.7
track_304,K-Pop Song 4,K-Pop Artist 4,K-Pop Album 6,2022-05-18,93,k-pop,2020s,0.884,0.833,11,-11.856,1,0.096,0.258,0.308,0.159,0.842,176.7
track_305,K-Pop Song 5,K-Pop Artist 14,K-Pop Album 3,2022-10-17,71,k-pop,2020s,0.718,0.795,11,-5.474,0,0.086,0.439,0.236,0.239,0.81,125.7
track_306,K-Pop Song 6,K-Pop Artist 8,K-Pop Album 10,2022-03-11,83,k-pop,2020s,0.945,0.854,9,-23.711,0,0.026,0.471,0.337,0.091,0.646,148.1
track_307,K-Pop Song 7,K-Pop Artist 15,K-Pop Album 1,2022-07-02,97,k-pop,2020s,0.755,0.736,11,-9.814,0,0.268,0.232,0.057,0.148,0.817,110.3
track_308,K-Pop Song 8,K-Pop Artist 20,K-Pop Album 10,2022-12-11,91,k-pop,2020s,0.797,0.86,0,-19.443,0,0.271,0.261,0.182,0.079,0.816,117.1
track_309,K-Pop Song 9,K-Pop Artist 14,K-Pop Album 5,2022-05-02,76,k-pop,2020s,0.908,0.779,0,-22.443,1,0.073,0.143,0.087,0.353,0.63,98.9
track_310,K-Pop Song 10,K-Pop Artist 13,K-Pop Album 6,2022-11-04,76,k-pop,2020s,0.736,0.779,7,-7.625,1,0.213,0.667,0.321,0.277,0.795,178.7
track_311,K-Pop Song 11,K-Pop Artist 2,K-Pop Album 1,2022-08-12,70,k-pop,2020s,0.908,0.745,7,-7.475,0,0.031,0.389,0.462,0.358,0.647,158.9
track_312,K-Pop Song 12,K-Pop Artist 3,K-Pop Album 3,2022-08-12,74,k-pop,2020s,0.943,0.806,1,-13.106,0,0.074,0.12,0.093,0.215,0.627,149.8
track_313,K-Pop Song 13,K-Pop Artist 19,K-Pop Album 2,2022-01-22,94,k-pop,2020s,0.738,0.782,4,-17.408,1,0.053,0.646,0.209,0.058,0.814,111.5
track_314,K-Pop Song 14,K-Pop Artist 10,K-Pop Album 7,2022-07-22,90,k-pop,2020s,0.716,0.738,9,-15.297,1,0.059,0.535,0.382,0.117,0.667,178.5
track_315,K-Pop Song 15,K-Pop Artist 17,K-Pop Album 2,2022-10-06,75,k-pop,2020s,0.86,0.822,6,-22.888,0,0.21,0.49,0.016,0.208,0.785,125.0
track_316,K-Pop Song 16,K-Pop Artist 12,K-Pop Album 1,2022-11-07,89,k-pop,2020s,0.703,0.857,10,-13.384,0,0.158,0.117,0.173,0.392,0.725,141.5
track_317,K-Pop Song 17,K-Pop Artist 3,K-Pop Album 8,2022-03-04,83,k-pop,2020s,0.806,0.874,5,-11.854,1,0.217,0.521,0.22,0.28,0.64,97.6
track_318,K-Pop Song 18,K-Pop Artist 9,K-Pop Album 2,2022-07-27,90,k-pop,2020s,0.709,0.725,3,-12.462,1,0.258,0.606,0.474,0.112,0.672,85.5
track_319,K-Pop Song 19,K-Pop Artist 4,K-Pop Album 9,2022-05-18,100,k-pop,2020s,0.82,0.878,3,-18.68,1,0.208,0.317,0.247,0.171,0.88,129.0
track_320,K-Pop Song 20,K-Pop Artist 14,K-Pop Album 8,2022-08-27,88,k-pop,2020s,0.742,0.792,10,-6.737,1,0.021,0.301,0.347,0.302,0.718,93.4
track_321,K-Pop Song 21,K-Pop Artist 15,K-Pop Album 10,2022-08-25,88,k-pop,2020s,0.874,0.848,8,-5.833,1,0.128,0.117,0.134,0.268,0.783,133.2
track_322,K-Pop Song 22,K-Pop Artist 12,K-Pop Album 8,2022-01-27,98,k-pop,2020s,0.854,0.797,11,-14.752,1,0.214,0.383,0.245,0.348,0.893,103.4
track_323,K-Pop Song 23,K-Pop Artist 5,K-Pop Album 10,2022-11-14,78,k-pop,2020s,0.943,0.77,5,-10.521,0,0.146,0.462,0.404,0.259,0.768,101.0
track_324,K-Pop Song 24,K-Pop Artist 2,K-Pop Album 3,2022-12-08,94,k-pop,2020s,0.753,0.766,8,-5.066,1,0.272,0.509,0.327,0.104,0.625,168.9
track_325,K-Pop Song 25,K-Pop Artist 17,K-Pop Album 9,2022-03-02,95,k-pop,2020s,0.93,0.728,11,-15.049,0,0.162,0.361,0.345,0.272,0.71,146.1
track_326,K-Pop Song 26,K-Pop Artist 12,K-Pop Album 4,2022-01-11,100,k-pop,2020s,0.868,0.746,5,-8.612,0,0.073,0.142,0.153,0.081,0.851,125.8
track_327,K-Pop Song 27,K-Pop Artist 4,K-Pop Album 6,2022-12-27,73,k-pop,2020s,0.735,0.708,6,-20.315,1,0.218,0.366,0.005,0.079,0.875,146.4
track_328,K-Pop Song 28,K-Pop Artist 9,K-Pop Album 7,2022-01-24,89,k-pop,2020s,0.901,0.817,9,-13.184,1,0.263,0.59,0.357,0.181,0.862,175.3
track_329,K-Pop Song 29,K-Pop Artist 8,K-Pop Album 7,2022-04-16,89,k-pop,2020s,0.913,0.775,3,-21.215,0,0.241,0.234,0.18,0.098,0.865,140.5
track_330,K-Pop Song 30,K-Pop Artist 5,K-Pop Album 9,2022-02-27,74,k-pop,2020s,0.814,0.855,9,-21.068,1,0.087,0.21,0.402,0.354,0.874,136.7
track_331,K-Pop Song 31,K-Pop Artist 17,K-Pop Album 1,2022-10-26,99,k-pop,2020s,0.808,0.767,6,-13.416,0,0.192,0.102,0.393,0.322,0.692,87.6
track_332,K-Pop Song 32,K-Pop Artist 6,K-Pop Album 2,2022-10-15,86,k-pop,2020s,0.789,0.889,6,-5.861,0,0.229,0.113,0.448,0.134,0.808,145.4
track_333,K-Pop Song 33,K-Pop Artist 11,K-Pop Album 4,2022-06-12,95,k-pop,2020s,0.735,0.713,4,-17.698,0,0.217,0.476,0.121,0.152,0.825,175.8
track_334,K-Pop Song 34,K-Pop Artist 16,K-Pop Album 7,2022-08-09,75,k-pop,2020s,0.879,0.895,1,-8.018,0,0.285,0.118,0.082,0.11,0.725,148.9
track_335,K-Pop Song 35,K-Pop Artist 16,K-Pop Album 2,2022-08-09,85,k-pop,2020s,0.713,0.793,11,-5.109,1,0.097,0.623,0.434,0.31,0.602,153.8
track_336,K-Pop Song 36,K-Pop Artist 4,K-Pop Album 10,2022-10-03,85,k-pop,2020s,0.74,0.728,1,-18.111,1,0.04,0.636,0.074,0.091,0.687,117.6
track_337,K-Pop Song 37,K-Pop Artist 7,K-Pop Album 4,2022-04-21,88,k-pop,2020s,0.708,0.759,9,-23.073,1,0.276,0.343,0.389,0.212,0.778,178.1
track_338,K-Pop Song 38,K-Pop Artist 10,K-Pop Album 1,2022-07-28,97,k-pop,2020s,0.7,0.856,6,-11.224,0,0.224,0.248,0.036,0.104,0.743,135.1
track_339,K-Pop Song 39,K-Pop Artist 4,K-Pop Album 4,2022-09-28,75,k-pop,2020s,0.746,0.892,4,-22.595,0,0.248,0.366,0.465,0.25,0.784,164.6
track_340,K-Pop Song 40,K-Pop Artist 12,K-Pop Album 4,2022-11-24,97,k-pop,2020s,0.775,0.859,3,-9.839,1,0.184,0.437,0.358,0.172,0.839,166.6
track_341,K-Pop Song 41,K-Pop Artist 10,K-Pop Album 9,2022-04-12,98,k-pop,2020s,0.73,0.86,2,-12.339,1,0.155,0.291,0.421,0.219,0.663,154.6
track_342,K-Pop Song 42,K-Pop Artist 14,K-Pop Album 1,2022-05-09,80,k-pop,2020s,0.846,0.893,3,-12.162,0,0.27,0.633,0.293,0.238,0.767,84.9
track_343,K-Pop Song 43,K-Pop Artist 1,K-Pop Album 8,2022-06-03,95,k-pop,2020s,0.732,0.858,6,-16.915,1,0.266,0.204,0.183,0.363,0.669,118.0
track_344,K-Pop Song 44,K-Pop Artist 5,K-Pop Album 5,2022-12-25,100,k-pop,2020s,0.893,0.741,3,-14.943,0,0.273,0.37,0.225,0.134,0.847,138.7
track_345,K-Pop Song 45,K-Pop Artist 5,K-Pop Album 4,2022-09-10,73,k-pop,2020s,0.743,0.8,6,-5.054,1,0.122,0.679,0.474,0.121,0.836,118.9
track_346,K-Pop Song 46,K-Pop Artist 11,K-Pop Album 2,2022-04-14,96,k-pop,2020s,0.851,0.856,2,-11.332,0,0.175,0.214,0.007,0.394,0.791,171.2
track_347,K-Pop Song 47,K-Pop Artist 2,K-Pop Album 8,2022-05-12,77,k-pop,2020s,0.846,0.716,1,-5.598,1,0.034,0.684,0.206,0.198,0.838,159.3
track_348,K-Pop Song 48,K-Pop Artist 19,K-Pop Album 9,2022-01-18,96,k-pop,2020s,0.859,0.799,6,-5.483,0,0.257,0.399,0.344,0.333,0.709,140.2
track_349,K-Pop Song 49,K-Pop Artist 7,K-Pop Album 10,2022-08-04,97,k-pop,2020s,0.744,0.774,11,-13.093,1,0.061,0.303,0.083,0.128,0.796,81.0
track_350,K-Pop Song 50,K-Pop Artist 4,K-Pop Album 7,2022-07-14,94,k-pop,2020s,0.837,0.719,9,-16.098,0,0.236,0.572,0.467,0.12,0.775,115.1
track_351,Afrobeat Song 1,Afrobeat Artist 9,Afrobeat Album 8,2022-09-02,69,afrobeat,2020s,0.618,0.584,3,-13.307,1,0.066,0.519,0.009,0.136,0.538,106.2
track_352,Afrobeat Song 2,Afrobeat Artist 14,Afrobeat Album 3,2022-04-15,72,afrobeat,2020s,0.587,0.581,5,-8.215,0,0.203,0.266,0.333,0.102,0.709,174.1
track_353,Afrobeat Song 3,Afrobeat Artist 17,Afrobeat Album 10,2022-05-24,91,afrobeat,2020s,0.77,0.515,1,-24.396,1,0.295,0.568,0.406,0.255,0.685,176.1
track_354,Afrobeat Song 4,Afrobeat Artist 20,Afrobeat Album 2,2022-01-19,86,afrobeat,2020s,0.645,0.658,10,-14.756,0,0.156,0.233,0.424,0.118,0.696,136.3
track_355,Afrobeat Song 5,Afrobeat Artist 9,Afrobeat Album 5,2022-05-05,71,afrobeat,2020s,0.785,0.783,3,-23.05,1,0.088,0.538,0.314,0.272,0.726,108.1
track_356,Afrobeat Song 6,Afrobeat Artist 18,Afrobeat Album 7,2022-06-12,85,afrobeat,2020s,0.459,0.619,2,-7.201,0,0.166,0.483,0.239,0.319,0.651,98.2
track_357,Afrobeat Song 7,Afrobeat Artist 6,Afrobeat Album 1,2022-04-10,79,afrobeat,2020s,0.731,0.541,3,-5.802,0,0.039,0.227,0.035,0.347,0.648,80.4
track_358,Afrobeat Song 8,Afrobeat Artist 1,Afrobeat Album 4,2022-01-23,80,afrobeat,2020s,0.58,0.783,0,-5.464,0,0.056,0.43,0.181,0.168,0.559,144.5
track_359,Afrobeat Song 9,Afrobeat Artist 1,Afrobeat Album 1,2022-10-12,81,afrobeat,2020s,0.634,0.602,11,-23.14,1,0.062,0.286,0.276,0.294,0.618,80.4
track_360,Afrobeat Song 10,Afrobeat Artist 17,Afrobeat Album 5,2022-04-17,70,afrobeat,2020s,0.788,0.501,4,-12.156,1,0.15,0.548,0.394,0.213,0.541,91.0
track_361,Afrobeat Song 11,Afrobeat Artist 5,Afrobeat Album 2,2022-11-11,90,afrobeat,2020s,0.795,0.718,6,-5.695,1,0.193,0.292,0.226,0.182,0.677,158.9
track_362,Afrobeat Song 12,Afrobeat Artist 11,Afrobeat Album 1,2022-01-04,90,afrobeat,2020s,0.731,0.527,1,-12.355,0,0.238,0.366,0.299,0.349,0.617,123.6
track_363,Afrobeat Song 13,Afrobeat Artist 1,Afrobeat Album 5,2022-11-13,88,afrobeat,2020s,0.604,0.709,1,-9.0,0,0.275,0.307,0.287,0.366,0.678,164.1
track_364,Afrobeat Song 14,Afrobeat Artist 12,Afrobeat Album 7,2022-03-05,90,afrobeat,2020s,0.703,0.679,11,-17.445,1,0.252,0.645,0.073,0.309,0.524,93.5
track_365,Afrobeat Song 15,Afrobeat Artist 8,Afrobeat Album 8,2022-04-13,86,afrobeat,2020s,0.423,0.677,9,-9.145,1,0.198,0.419,0.048,0.395,0.686,128.8
track_366,Afrobeat Song 16,Afrobeat Artist 11,Afrobeat Album 5,2022-09-23,74,afrobeat,2020s,0.764,0.788,1,-13.343,1,0.283,0.33,0.478,0.319,0.501,107.8
track_367,Afrobeat Song 17,Afrobeat Artist 5,Afrobeat Album 1,2022-07-07,74,afrobeat,2020s,0.722,0.688,2,-17.354,0,0.174,0.681,0.438,0.156,0.572,96.3
track_368,Afrobeat Song 18,Afrobeat Artist 17,Afrobeat Album 1,2022-03-11,69,afrobeat,2020s,0.64,0.504,2,-5.439,1,0.276,0.504,0.156,0.354,0.684,87.7
track_369,Afrobeat Song 19,Afrobeat Artist 13,Afrobeat Album 10,2022-08-18,74,afrobeat,2020s,0.448,0.586,3,-22.077,1,0.115,0.277,0.159,0.246,0.547,142.7
track_370,Afrobeat Song 20,Afrobeat Artist 18,Afrobeat Album 1,2022-06-16,76,afrobeat,2020s,0.627,0.64,3,-9.863,1,0.175,0.439,0.29,0.285,0.712,94.8
track_371,Afrobeat Song 21,Afrobeat Artist 15,Afrobeat Album 2,2022-03-25,88,afrobeat,2020s,0.774,0.666,0,-12.674,0,0.183,0.67,0.135,0.115,0.717,107.6
track_372,Afrobeat Song 22,Afrobeat Artist 19,Afrobeat Album 7,2022-12-25,81,afrobeat,2020s,0.668,0.604,3,-5.542,0,0.143,0.374,0.121,0.194,0.43,170.7
track_373,Afrobeat Song 23,Afrobeat Artist 19,Afrobeat Album 5,2022-06-25,78,afrobeat,2020s,0.742,0.52,2,-20.767,1,0.266,0.203,0.423,0.136,0.484,85.8
track_374,Afrobeat Song 24,Afrobeat Artist 3,Afrobeat Album 3,2022-10-08,70,afrobeat,2020s,0.479,0.754,3,-9.08,0,0.215,0.463,0.032,0.056,0.781,162.7
track_375,Afrobeat Song 25,Afrobeat Artist 15,Afrobeat Album 6,2022-02-07,78,afrobeat,2020s,0.776,0.541,2,-16.661,1,0.057,0.336,0.209,0.204,0.729,117.0
track_376,Afrobeat Song 26,Afrobeat Artist 13,Afrobeat Album 7,2022-05-12,82,afrobeat,2020s,0.505,0.695,5,-19.884,1,0.135,0.634,0.315,0.129,0.6,167.8
track_377,Afrobeat Song 27,Afrobeat Artist 7,Afrobeat Album 3,2022-05-01,72,afrobeat,2020s,0.421,0.517,5,-6.473,1,0.253,0.108,0.454,0.101,0.546,127.9
track_378,Afrobeat Song 28,Afrobeat Artist 7,Afrobeat Album 5,2022-08-07,80,afrobeat,2020s,0.625,0.731,1,-22.043,0,0.291,0.126,0.002,0.165,0.68,115.0
track_379,Afrobeat Song 29,Afrobeat Artist 10,Afrobeat Album 4,2022-05-25,66,afrobeat,2020s,0.681,0.794,10,-5.102,1,0.122,0.154,0.156,0.22,0.467,126.5
track_380,Afrobeat Song 30,Afrobeat Artist 15,Afrobeat Album 5,2022-04-26,80,afrobeat,2020s,0.646,0.604,1,-19.62,0,0.196,0.634,0.444,0.069,0.649,104.4
track_381,Afrobeat Song 31,Afrobeat Artist 17,Afrobeat Album 1,2022-03-25,61,afrobeat,2020s,0.428,0.615,5,-16.517,0,0.148,0.253,0.182,0.251,0.598,97.1
track_382,Afrobeat Song 32,Afrobeat Artist 10,Afrobeat Album 10,2022-11-10,78,afrobeat,2020s,0.414,0.588,9,-24.622,0,0.138,0.67,0.481,0.356,0.544,179.0
track_383,Afrobeat Song 33,Afrobeat Artist 6,Afrobeat Album 9,2022-10-25,65,afrobeat,2020s,0.47,0.799,8,-20.489,0,0.046,0.35,0.372,0.305,0.784,165.2
track_384,Afrobeat Song 34,Afrobeat Artist 4,Afrobeat Album 2,2022-12-16,64,afrobeat,2020s,0.645,0.674,7,-13.36,1,0.242,0.341,0.391,0.177,0.495,109.6
track_385,Afrobeat Song 35,Afrobeat Artist 13,Afrobeat Album 6,2022-11-06,80,afrobeat,2020s,0.513,0.724,7,-22.667,0,0.241,0.45,0.037,0.154,0.721,83.9
track_386,Afrobeat Song 36,Afrobeat Artist 15,Afrobeat Album 8,2022-08-23,82,afrobeat,2020s,0.421,0.571,0,-16.934,1,0.29,0.656,0.191,0.341,0.677,170.9
track_387,Afrobeat Song 37,Afrobeat Artist 9,Afrobeat Album 9,2022-05-26,69,afrobeat,2020s,0.552,0.771,6,-6.01,1,0.238,0.209,0.444,0.335,0.774,165.1
track_388,Afrobeat Song 38,Afrobeat Artist 7,Afrobeat Album 1,2022-01-23,86,afrobeat,2020s,0.632,0.685,7,-6.772,0,0.232,0.68,0.23,0.081,0.491,177.9
track_389,Afrobeat Song 39,Afrobeat Artist 12,Afrobeat Album 1,2022-12-05,72,afrobeat,2020s,0.788,0.662,6,-5.253,0,0.136,0.52,0.207,0.092,0.734,140.8
track_390,Afrobeat Song 40,Afrobeat Artist 2,Afrobeat Album 6,2022-03-22,81,afrobeat,2020s,0.762,0.762,0,-12.312,0,0.124,0.375,0.359,0.219,0.469,136.1
track_391,Afrobeat Song 41,Afrobeat Artist 13,Afrobeat Album 2,2022-07-16,89,afrobeat,2020s,0.568,0.55,3,-9.354,1,0.26,0.451,0.488,0.102,0.683,161.4
track_392,Afrobeat Song 42,Afrobeat Artist 14,Afrobeat Album 1,2022-02-22,73,afrobeat,2020s,0.605,0.686,0,-21.805,1,0.204,0.263,0.279,0.395,0.741,90.8
track_393,Afrobeat Song 43,Afrobeat Artist 4,Afrobeat Album 1,2022-10-01,74,afrobeat,2020s,0.798,0.595,9,-9.365,1,0.17,0.575,0.192,0.241,0.567,155.1
track_394,Afrobeat Song 44,Afrobeat Artist 1,Afrobeat Album 4,2022-02-07,76,afrobeat,2020s,0.542,0.721,5,-23.9,1,0.083,0.451,0.086,0.056,0.44,128.5
track_395,Afrobeat Song 45,Afrobeat Artist 10,Afrobeat Album 4,2022-09-23,81,afrobeat,2020s,0.467,0.635,2,-16.029,0,0.033,0.231,0.173,0.139,0.768,165.3
track_396,Afrobeat Song 46,Afrobeat Artist 12,Afrobeat Album 9,2022-12-26,85,afrobeat,2020s,0.795,0.617,5,-22.398,1,0.241,0.381,0.357,0.055,0.696,105.6
track_397,Afrobeat Song 47,Afrobeat Artist 10,Afrobeat Album 7,2022-07-08,59,afrobeat,2020s,0.401,0.517,0,-6.921,1,0.08,0.277,0.486,0.31,0.627,129.1
track_398,Afrobeat Song 48,Afrobeat Artist 2,Afrobeat Album 5,2022-01-24,87,afrobeat,2020s,0.605,0.754,9,-10.722,0,0.155,0.1,0.263,0.188,0.413,122.7
track_399,Afrobeat Song 49,Afrobeat Artist 8,Afrobeat Album 10,2022-04-01,64,afrobeat,2020s,0.443,0.799,6,-19.157,1,0.279,0.176,0.279,0.32,0.783,93.6
track_400,Afrobeat Song 50,Afrobeat Artist 3,Afrobeat Album 4,2022-02-15,63,afrobeat,2020s,0.497,0.62,10,-23.717,1,0.072,0.585,0.18,0.287,0.428,101.1
track_401,Hyperpop Song 1,Hyperpop Artist 13,Hyperpop Album 4,2022-09-07,89,hyperpop,2020s,0.629,0.733,2,-7.272,0,0.03,0.398,0.183,0.35,0.596,126.7
track_402,Hyperpop Song 2,Hyperpop Artist 4,Hyperpop Album 4,2022-08-13,67,hyperpop,2020s,0.558,0.54,8,-10.945,1,0.216,0.371,0.156,0.268,0.449,101.0
track_403,Hyperpop Song 3,Hyperpop Artist 3,Hyperpop Album 2,2022-02-03,65,hyperpop,2020s,0.482,0.55,4,-12.553,0,0.26,0.361,0.382,0.318,0.655,101.6
track_404,Hyperpop Song 4,Hyperpop Artist 11,Hyperpop Album 4,2022-02-14,85,hyperpop,2020s,0.766,0.737,6,-12.327,0,0.163,0.405,0.114,0.121,0.481,155.1
track_405,Hyperpop Song 5,Hyperpop Artist 11,Hyperpop Album 5,2022-10-25,88,hyperpop,2020s,0.573,0.72,1,-11.99,0,0.187,0.64,0.389,0.141,0.78,129.4
track_406,Hyperpop Song 6,Hyperpop Artist 14,Hyperpop Album 6,2022-02-05,78,hyperpop,2020s,0.464,0.778,1,-21.442,0,0.255,0.572,0.07,0.261,0.558,168.2
track_407,Hyperpop Song 7,Hyperpop Artist 20,Hyperpop Album 6,2022-11-25,76,hyperpop,2020s,0.575,0.585,6,-17.908,1,0.021,0.511,0.269,0.224,0.648,147.9
track_408,Hyperpop Song 8,Hyperpop Artist 1,Hyperpop Album 3,2022-11-24,84,hyperpop,2020s,0.407,0.596,6,-8.489,0,0.054,0.667,0.397,0.075,0.705,144.6
track_409,Hyperpop Song 9,Hyperpop Artist 6,Hyperpop Album 8,2022-03-01,64,hyperpop,2020s,0.621,0.643,0,-17.327,0,0.168,0.28,0.256,0.201,0.61,143.2
track_410,Hyperpop Song 10,Hyperpop Artist 19,Hyperpop Album 1,2022-02-21,85,hyperpop,2020s,0.497,0.58,1,-9.751,1,0.261,0.376,0.375,0.394,0.751,127.6
track_411,Hyperpop Song 11,Hyperpop Artist 6,Hyperpop Album 2,2022-09-12,65,hyperpop,2020s,0.788,0.551,3,-24.075,1,0.126,0.671,0.391,0.3,0.595,129.5
track_412,Hyperpop Song 12,Hyperpop Artist 6,Hyperpop Album 2,2022-12-15,64,hyperpop,2020s,0.793,0.565,1,-11.575,0,0.12,0.54,0.387,0.203,0.479,104.6
track_413,Hyperpop Song 13,Hyperpop Artist 9,Hyperpop Album 3,2022-03-08,66,hyperpop,2020s,0.623,0.592,6,-9.476,1,0.177,0.279,0.362,0.157,0.653,106.5
track_414,Hyperpop Song 14,Hyperpop Artist 10,Hyperpop Album 1,2022-06-17,78,hyperpop,2020s,0.691,0.697,3,-17.997,1,0.144,0.115,0.389,0.122,0.526,111.5
track_415,Hyperpop Song 15,Hyperpop Artist 14,Hyperpop Album 1,2022-11-20,62,hyperpop,2020s,0.591,0.515,5,-13.358,1,0.045,0.556,0.407,0.318,0.627,105.2
track_416,Hyperpop Song 16,Hyperpop Artist 18,Hyperpop Album 8,2022-07-20,77,hyperpop,2020s,0.679,0.575,6,-16.013,0,0.271,0.491,0.48,0.175,0.405,138.2
track_417,Hyperpop Song 17,Hyperpop Artist 11,Hyperpop Album 7,2022-04-04,72,hyperpop,2020s,0.688,0.742,7,-22.906,1,0.217,0.54,0.428,0.245,0.613,131.0
track_418,Hyperpop Song 18,Hyperpop Artist 3,Hyperpop Album 9,2022-01-23,64,hyperpop,2020s,0.496,0.533,2,-19.686,1,0.289,0.289,0.347,0.389,0.447,144.0
track_419,Hyperpop Song 19,Hyperpop Artist 10,Hyperpop Album 4,2022-04-07,74,hyperpop,2020s,0.656,0.716,1,-20.997,0,0.172,0.341,0.01,0.318,0.665,145.1
track_420,Hyperpop Song 20,Hyperpop Artist 6,Hyperpop Album 3,2022-12-16,82,hyperpop,2020s,0.482,0.639,4,-22.122,1,0.244,0.385,0.155,0.088,0.738,124.8
track_421,Hyperpop Song 21,Hyperpop Artist 5,Hyperpop Album 1,2022-11-04,86,hyperpop,2020s,0.723,0.618,2,-21.407,0,0.154,0.552,0.161,0.328,0.406,175.4
track_422,Hyperpop Song 22,Hyperpop Artist 16,Hyperpop Album 1,2022-01-01,82,hyperpop,2020s,0.552,0.574,1,-5.703,1,0.162,0.214,0.379,0.395,0.595,154.8
track_423,Hyperpop Song 23,Hyperpop Artist 19,Hyperpop Album 1,2022-11-05,66,hyperpop,2020s,0.566,0.597,2,-21.88,0,0.297,0.281,0.452,0.25,0.58,153.6
track_424,Hyperpop Song 24,Hyperpop Artist 15,Hyperpop Album 8,2022-10-14,77,hyperpop,2020s,0.698,0.754,11,-13.632,0,0.231,0.698,0.317,0.235,0.432,108.6
track_425,Hyperpop Song 25,Hyperpop Artist 8,Hyperpop Album 10,2022-09-25,88,hyperpop,2020s,0.68,0.775,3,-10.927,1,0.106,0.102,0.259,0.236,0.468,114.4
track_426,Hyperpop Song 26,Hyperpop Artist 3,Hyperpop Album 9,2022-06-14,80,hyperpop,2020s,0.678,0.622,6,-14.025,0,0.134,0.185,0.089,0.085,0.683,172.8
track_427,Hyperpop Song 27,Hyperpop Artist 2,Hyperpop Album 10,2022-05-11,71,hyperpop,2020s,0.759,0.637,1,-7.988,0,0.198,0.329,0.251,0.089,0.643,167.3
track_428,Hyperpop Song 28,Hyperpop Artist 18,Hyperpop Album 2,2022-07-23,81,hyperpop,2020s,0.526,0.749,10,-17.227,0,0.272,0.198,0.402,0.362,0.406,104.0
track_429,Hyperpop Song 29,Hyperpop Artist 10,Hyperpop Album 9,2022-07-08,64,hyperpop,2020s,0.612,0.537,7,-15.954,1,0.274,0.386,0.155,0.172,0.658,155.1
track_430,Hyperpop Song 30,Hyperpop Artist 12,Hyperpop Album 3,2022-04-19,63,hyperpop,2020s,0.564,0.649,3,-8.824,1,0.223,0.482,0.411,0.164,0.466,170.3
track_431,Hyperpop Song 31,Hyperpop Artist 1,Hyperpop Album 10,2022-10-22,67,hyperpop,2020s,0.521,0.771,1,-10.737,0,0.057,0.37,0.158,0.279,0.795,127.7
track_432,Hyperpop Song 32,Hyperpop Artist 5,Hyperpop Album 7,2022-02-18,64,hyperpop,2020s,0.574,0.576,4,-11.566,1,0.048,0.53,0.171,0.061,0.696,106.9
track_433,Hyperpop Song 33,Hyperpop Artist 7,Hyperpop Album 4,2022-12-06,68,hyperpop,2020s,0.51,0.702,7,-19.251,0,0.047,0.316,0.272,0.173,0.751,125.5
track_434,Hyperpop Song 34,Hyperpop Artist 16,Hyperpop Album 9,2022-03-21,74,hyperpop,2020s,0.774,0.65,4,-22.019,1,0.28,0.648,0.323,0.281,0.51,128.1
track_435,Hyperpop Song 35,Hyperpop Artist 15,Hyperpop Album 8,2022-07-25,73,hyperpop,2020s,0.645,0.52,11,-20.64,0,0.075,0.174,0.365,0.329,0.555,151.2
track_436,Hyperpop Song 36,Hyperpop Artist 18,Hyperpop Album 6,2022-09-12,88,hyperpop,2020s,0.503,0.586,8,-5.652,0,0.077,0.437,0.353,0.291,0.627,125.5
track_437,Hyperpop Song 37,Hyperpop Artist 3,Hyperpop Album 6,2022-08-10,73,hyperpop,2020s,0.525,0.783,9,-19.792,1,0.031,0.277,0.196,0.167,0.487,174.2
track_438,Hyperpop Song 38,Hyperpop Artist 2,Hyperpop Album 3,2022-04-19,82,hyperpop,2020s,0.659,0.747,3,-17.182,0,0.127,0.616,0.01,0.232,0.654,128.2
track_439,Hyperpop Song 39,Hyperpop Artist 4,Hyperpop Album 6,2022-06-08,86,hyperpop,2020s,0.656,0.738,10,-10.132,0,0.04,0.621,0.211,0.125,0.67,97.9
track_440,Hyperpop Song 40,Hyperpop Artist 16,Hyperpop Album 4,2022-01-03,82,hyperpop,2020s,0.477,0.708,8,-9.011,1,0.163,0.474,0.305,0.229,0.771,163.1
track_441,Hyperpop Song 41,Hyperpop Artist 1,Hyperpop Album 2,2022-06-16,85,hyperpop,2020s,0.545,0.79,3,-20.997,0,0.076,0.513,0.167,0.234,0.467,148.0
track_442,Hyperpop Song 42,Hyperpop Artist 7,Hyperpop Album 4,2022-07-19,82,hyperpop,2020s,0.47,0.549,9,-17.153,1,0.201,0.616,0.097,0.347,0.765,138.1
track_443,Hyperpop Song 43,Hyperpop Artist 18,Hyperpop Album 7,2022-06-28,63,hyperpop,2020s,0.462,0.646,3,-13.362,0,0.087,0.104,0.041,0.358,0.551,122.4
track_444,Hyperpop Song 44,Hyperpop Artist 5,Hyperpop Album 6,2022-01-15,76,hyperpop,2020s,0.79,0.647,7,-12.766,1,0.121,0.375,0.119,0.237,0.64,130.8
track_445,Hyperpop Song 45,Hyperpop Artist 19,Hyperpop Album 3,2022-10-17,65,hyperpop,2020s,0.483,0.757,2,-16.711,1,0.078,0.605,0.325,0.385,0.609,87.8
track_446,Hyperpop Song 46,Hyperpop Artist 16,Hyperpop Album 9,2022-01-14,84,hyperpop,2020s,0.489,0.511,6,-20.931,1,0.078,0.129,0.386,0.384,0.506,86.4
track_447,Hyperpop Song 47,Hyperpop Artist 13,Hyperpop Album 1,2022-12-23,74,hyperpop,2020s,0.427,0.765,3,-5.324,0,0.228,0.68,0.223,0.051,0.575,160.6
track_448,Hyperpop Song 48,Hyperpop Artist 19,Hyperpop Album 6,2022-03-08,82,hyperpop,2020s,0.647,0.713,2,-17.839,1,0.204,0.161,0.185,0.322,0.787,107.7
track_449,Hyperpop Song 49,Hyperpop Artist 16,Hyperpop Album 5,2022-01-25,85,hyperpop,2020s,0.784,0.654,5,-9.996,0,0.123,0.401,0.443,0.362,0.535,175.5
track_450,Hyperpop Song 50,Hyperpop Artist 8,Hyperpop Album 3,2022-08-20,80,hyperpop,2020s,0.671,0.581,6,-22.094,0,0.022,0.285,0.292,0.36,0.791,132.9
