track_id,track_name,artist,genre,decade,lyrics
track_1,Rock Song 1,Rock Artist 1,rock,1980s,"Electric guitar screaming through the night, powerful drums beating with all might, voices rising high above the crowd, rock and roll forever loud"
track_2,Rock Song 2,Rock Artist 15,rock,1980s,"Electric guitar screaming through the night, powerful drums beating with all might, voices rising high above the crowd, rock and roll forever loud"
track_3,Rock Song 3,Rock Artist 6,rock,1980s,"Electric guitar screaming through the night, powerful drums beating with all might, voices rising high above the crowd, rock and roll forever loud"
track_4,Rock Song 4,Rock Artist 7,rock,1980s,"Electric guitar screaming through the night, powerful drums beating with all might, voices rising high above the crowd, rock and roll forever loud"
track_5,Rock Song 5,Rock Artist 14,rock,1980s,"Electric guitar screaming through the night, powerful drums beating with all might, voices rising high above the crowd, rock and roll forever loud"
track_6,Rock Song 6,Rock Artist 16,rock,1980s,"Electric guitar screaming through the night, powerful drums beating with all might, voices rising high above the crowd, rock and roll forever loud"
track_7,Rock Song 7,Rock Artist 12,rock,1980s,"Electric guitar screaming through the night, powerful drums beating with all might, voices rising high above the crowd, rock and roll forever loud"
track_8,Rock Song 8,Rock Artist 5,rock,1980s,"Electric guitar screaming through the night, powerful drums beating with all might, voices rising high above the crowd, rock and roll forever loud"
track_9,Rock Song 9,Rock Artist 10,rock,1980s,"Electric guitar screaming through the night, powerful drums beating with all might, voices rising high above the crowd, rock and roll forever loud"
track_10,Rock Song 10,Rock Artist 6,rock,1980s,"Electric guitar screaming through the night, powerful drums beating with all might, voices rising high above the crowd, rock and roll forever loud"
track_11,Rock Song 11,Rock Artist 1,rock,1980s,"Electric guitar screaming through the night, powerful drums beating with all might, voices rising high above the crowd, rock and roll forever loud"
track_12,Rock Song 12,Rock Artist 7,rock,1980s,"Electric guitar screaming through the night, powerful drums beating with all might, voices rising high above the crowd, rock and roll forever loud"
track_13,Rock Song 13,Rock Artist 12,rock,1980s,"Electric guitar screaming through the night, powerful drums beating with all might, voices rising high above the crowd, rock and roll forever loud"
track_14,Rock Song 14,Rock Artist 6,rock,1980s,"Electric guitar screaming through the night, powerful drums beating with all might, voices rising high above the crowd, rock and roll forever loud"
track_15,Rock Song 15,Rock Artist 18,rock,1980s,"Electric guitar screaming through the night, powerful drums beating with all might, voices rising high above the crowd, rock and roll forever loud"
track_16,Rock Song 16,Rock Artist 4,rock,1980s,"Electric guitar screaming through the night, powerful drums beating with all might, voices rising high above the crowd, rock and roll forever loud"
track_17,Rock Song 17,Rock Artist 6,rock,1980s,"Electric guitar screaming through the night, powerful drums beating with all might, voices rising high above the crowd, rock and roll forever loud"
track_18,Rock Song 18,Rock Artist 14,rock,1980s,"Electric guitar screaming through the night, powerful drums beating with all might, voices rising high above the crowd, rock and roll forever loud"
track_19,Rock Song 19,Rock Artist 5,rock,1980s,"Electric guitar screaming through the night, powerful drums beating with all might, voices rising high above the crowd, rock and roll forever loud"
track_20,Rock Song 20,Rock Artist 8,rock,1980s,"Electric guitar screaming through the night, powerful drums beating with all might, voices rising high above the crowd, rock and roll forever loud"
track_21,Rock Song 21,Rock Artist 3,rock,1980s,"Electric guitar screaming through the night, powerful drums beating with all might, voices rising high above the crowd, rock and roll forever loud"
track_22,Rock Song 22,Rock Artist 10,rock,1980s,"Electric guitar screaming through the night, powerful drums beating with all might, voices rising high above the crowd, rock and roll forever loud"
track_23,Rock Song 23,Rock Artist 6,rock,1980s,"Electric guitar screaming through the night, powerful drums beating with all might, voices rising high above the crowd, rock and roll forever loud"
track_24,Rock Song 24,Rock Artist 16,rock,1980s,"Electric guitar screaming through the night, powerful drums beating with all might, voices rising high above the crowd, rock and roll forever loud"
track_25,Rock Song 25,Rock Artist 1,rock,1980s,"Electric guitar screaming through the night, powerful drums beating with all might, voices rising high above the crowd, rock and roll forever loud"
track_26,Rock Song 26,Rock Artist 1,rock,1980s,"Electric guitar screaming through the night, powerful drums beating with all might, voices rising high above the crowd, rock and roll forever loud"
track_27,Rock Song 27,Rock Artist 1,rock,1980s,"Electric guitar screaming through the night, powerful drums beating with all might, voices rising high above the crowd, rock and roll forever loud"
track_28,Rock Song 28,Rock Artist 14,rock,1980s,"Electric guitar screaming through the night, powerful drums beating with all might, voices rising high above the crowd, rock and roll forever loud"
track_29,Rock Song 29,Rock Artist 18,rock,1980s,"Electric guitar screaming through the night, powerful drums beating with all might, voices rising high above the crowd, rock and roll forever loud"
track_30,Rock Song 30,Rock Artist 9,rock,1980s,"Electric guitar screaming through the night, powerful drums beating with all might, voices rising high above the crowd, rock and roll forever loud"
track_31,Rock Song 31,Rock Artist 16,rock,1980s,"Electric guitar screaming through the night, powerful drums beating with all might, voices rising high above the crowd, rock and roll forever loud"
track_32,Rock Song 32,Rock Artist 6,rock,1980s,"Electric guitar screaming through the night, powerful drums beating with all might, voices rising high above the crowd, rock and roll forever loud"
track_33,Rock Song 33,Rock Artist 6,rock,1980s,"Electric guitar screaming through the night, powerful drums beating with all might, voices rising high above the crowd, rock and roll forever loud"
track_34,Rock Song 34,Rock Artist 3,rock,1980s,"Electric guitar screaming through the night, powerful drums beating with all might, voices rising high above the crowd, rock and roll forever loud"
track_35,Rock Song 35,Rock Artist 20,rock,1980s,"Electric guitar screaming through the night, powerful drums beating with all might, voices rising high above the crowd, rock and roll forever loud"
track_36,Rock Song 36,Rock Artist 17,rock,1980s,"Electric guitar screaming through the night, powerful drums beating with all might, voices rising high above the crowd, rock and roll forever loud"
track_37,Rock Song 37,Rock Artist 14,rock,1980s,"Electric guitar screaming through the night, powerful drums beating with all might, voices rising high above the crowd, rock and roll forever loud"
track_38,Rock Song 38,Rock Artist 1,rock,1980s,"Electric guitar screaming through the night, powerful drums beating with all might, voices rising high above the crowd, rock and roll forever loud"
track_39,Rock Song 39,Rock Artist 12,rock,1980s,"Electric guitar screaming through the night, powerful drums beating with all might, voices rising high above the crowd, rock and roll forever loud"
track_40,Rock Song 40,Rock Artist 7,rock,1980s,"Electric guitar screaming through the night, powerful drums beating with all might, voices rising high above the crowd, rock and roll forever loud"
track_41,Rock Song 41,Rock Artist 10,rock,1980s,"Electric guitar screaming through the night, powerful drums beating with all might, voices rising high above the crowd, rock and roll forever loud"
track_42,Rock Song 42,Rock Artist 1,rock,1980s,"Electric guitar screaming through the night, powerful drums beating with all might, voices rising high above the crowd, rock and roll forever loud"
track_43,Rock Song 43,Rock Artist 5,rock,1980s,"Electric guitar screaming through the night, powerful drums beating with all might, voices rising high above the crowd, rock and roll forever loud"
track_44,Rock Song 44,Rock Artist 1,rock,1980s,"Electric guitar screaming through the night, powerful drums beating with all might, voices rising high above the crowd, rock and roll forever loud"
track_45,Rock Song 45,Rock Artist 6,rock,1980s,"Electric guitar screaming through the night, powerful drums beating with all might, voices rising high above the crowd, rock and roll forever loud"
track_46,Rock Song 46,Rock Artist 18,rock,1980s,"Electric guitar screaming through the night, powerful drums beating with all might, voices rising high above the crowd, rock and roll forever loud"
track_47,Rock Song 47,Rock Artist 13,rock,1980s,"Electric guitar screaming through the night, powerful drums beating with all might, voices rising high above the crowd, rock and roll forever loud"
track_48,Rock Song 48,Rock Artist 8,rock,1980s,"Electric guitar screaming through the night, powerful drums beating with all might, voices rising high above the crowd, rock and roll forever loud"
track_49,Rock Song 49,Rock Artist 8,rock,1980s,"Electric guitar screaming through the night, powerful drums beating with all might, voices rising high above the crowd, rock and roll forever loud"
track_50,Rock Song 50,Rock Artist 10,rock,1980s,"Electric guitar screaming through the night, powerful drums beating with all might, voices rising high above the crowd, rock and roll forever loud"
track_51,Pop Song 1,Pop Artist 2,pop,1980s,"Dancing under neon lights tonight, everything is gonna be alright, catchy melody in my head, pop music never dead"
track_52,Pop Song 2,Pop Artist 8,pop,1980s,"Dancing under neon lights tonight, everything is gonna be alright, catchy melody in my head, pop music never dead"
track_53,Pop Song 3,Pop Artist 5,pop,1980s,"Dancing under neon lights tonight, everything is gonna be alright, catchy melody in my head, pop music never dead"
track_54,Pop Song 4,Pop Artist 5,pop,1980s,"Dancing under neon lights tonight, everything is gonna be alright, catchy melody in my head, pop music never dead"
track_55,Pop Song 5,Pop Artist 15,pop,1980s,"Dancing under neon lights tonight, everything is gonna be alright, catchy melody in my head, pop music never dead"
track_56,Pop Song 6,Pop Artist 10,pop,1980s,"Dancing under neon lights tonight, everything is gonna be alright, catchy melody in my head, pop music never dead"
track_57,Pop Song 7,Pop Artist 19,pop,1980s,"Dancing under neon lights tonight, everything is gonna be alright, catchy melody in my head, pop music never dead"
track_58,Pop Song 8,Pop Artist 4,pop,1980s,"Dancing under neon lights tonight, everything is gonna be alright, catchy melody in my head, pop music never dead"
track_59,Pop Song 9,Pop Artist 10,pop,1980s,"Dancing under neon lights tonight, everything is gonna be alright, catchy melody in my head, pop music never dead"
track_60,Pop Song 10,Pop Artist 12,pop,1980s,"Dancing under neon lights tonight, everything is gonna be alright, catchy melody in my head, pop music never dead"
track_61,Pop Song 11,Pop Artist 6,pop,1980s,"Dancing under neon lights tonight, everything is gonna be alright, catchy melody in my head, pop music never dead"
track_62,Pop Song 12,Pop Artist 18,pop,1980s,"Dancing under neon lights tonight, everything is gonna be alright, catchy melody in my head, pop music never dead"
track_63,Pop Song 13,Pop Artist 8,pop,1980s,"Dancing under neon lights tonight, everything is gonna be alright, catchy melody in my head, pop music never dead"
track_64,Pop Song 14,Pop Artist 6,pop,1980s,"Dancing under neon lights tonight, everything is gonna be alright, catchy melody in my head, pop music never dead"
track_65,Pop Song 15,Pop Artist 13,pop,1980s,"Dancing under neon lights tonight, everything is gonna be alright, catchy melody in my head, pop music never dead"
track_66,Pop Song 16,Pop Artist 13,pop,1980s,"Dancing under neon lights tonight, everything is gonna be alright, catchy melody in my head, pop music never dead"
track_67,Pop Song 17,Pop Artist 7,pop,1980s,"Dancing under neon lights tonight, everything is gonna be alright, catchy melody in my head, pop music never dead"
track_68,Pop Song 18,Pop Artist 13,pop,1980s,"Dancing under neon lights tonight, everything is gonna be alright, catchy melody in my head, pop music never dead"
track_69,Pop Song 19,Pop Artist 8,pop,1980s,"Dancing under neon lights tonight, everything is gonna be alright, catchy melody in my head, pop music never dead"
track_70,Pop Song 20,Pop Artist 15,pop,1980s,"Dancing under neon lights tonight, everything is gonna be alright, catchy melody in my head, pop music never dead"
track_71,Pop Song 21,Pop Artist 17,pop,1980s,"Dancing under neon lights tonight, everything is gonna be alright, catchy melody in my head, pop music never dead"
track_72,Pop Song 22,Pop Artist 9,pop,1980s,"Dancing under neon lights tonight, everything is gonna be alright, catchy melody in my head, pop music never dead"
track_73,Pop Song 23,Pop Artist 9,pop,1980s,"Dancing under neon lights tonight, everything is gonna be alright, catchy melody in my head, pop music never dead"
track_74,Pop Song 24,Pop Artist 8,pop,1980s,"Dancing under neon lights tonight, everything is gonna be alright, catchy melody in my head, pop music never dead"
track_75,Pop Song 25,Pop Artist 14,pop,1980s,"Dancing under neon lights tonight, everything is gonna be alright, catchy melody in my head, pop music never dead"
track_76,Pop Song 26,Pop Artist 2,pop,1980s,"Dancing under neon lights tonight, everything is gonna be alright, catchy melody in my head, pop music never dead"
track_77,Pop Song 27,Pop Artist 19,pop,1980s,"Dancing under neon lights tonight, everything is gonna be alright, catchy melody in my head, pop music never dead"
track_78,Pop Song 28,Pop Artist 11,pop,1980s,"Dancing under neon lights tonight, everything is gonna be alright, catchy melody in my head, pop music never dead"
track_79,Pop Song 29,Pop Artist 19,pop,1980s,"Dancing under neon lights tonight, everything is gonna be alright, catchy melody in my head, pop music never dead"
track_80,Pop Song 30,Pop Artist 16,pop,1980s,"Dancing under neon lights tonight, everything is gonna be alright, catchy melody in my head, pop music never dead"
track_81,Pop Song 31,Pop Artist 12,pop,1980s,"Dancing under neon lights tonight, everything is gonna be alright, catchy melody in my head, pop music never dead"
track_82,Pop Song 32,Pop Artist 20,pop,1980s,"Dancing under neon lights tonight, everything is gonna be alright, catchy melody in my head, pop music never dead"
track_83,Pop Song 33,Pop Artist 3,pop,1980s,"Dancing under neon lights tonight, everything is gonna be alright, catchy melody in my head, pop music never dead"
track_84,Pop Song 34,Pop Artist 15,pop,1980s,"Dancing under neon lights tonight, everything is gonna be alright, catchy melody in my head, pop music never dead"
track_85,Pop Song 35,Pop Artist 8,pop,1980s,"Dancing under neon lights tonight, everything is gonna be alright, catchy melody in my head, pop music never dead"
track_86,Pop Song 36,Pop Artist 7,pop,1980s,"Dancing under neon lights tonight, everything is gonna be alright, catchy melody in my head, pop music never dead"
track_87,Pop Song 37,Pop Artist 10,pop,1980s,"Dancing under neon lights tonight, everything is gonna be alright, catchy melody in my head, pop music never dead"
track_88,Pop Song 38,Pop Artist 17,pop,1980s,"Dancing under neon lights tonight, everything is gonna be alright, catchy melody in my head, pop music never dead"
track_89,Pop Song 39,Pop Artist 4,pop,1980s,"Dancing under neon lights tonight, everything is gonna be alright, catchy melody in my head, pop music never dead"
track_90,Pop Song 40,Pop Artist 7,pop,1980s,"Dancing under neon lights tonight, everything is gonna be alright, catchy melody in my head, pop music never dead"
track_91,Pop Song 41,Pop Artist 5,pop,1980s,"Dancing under neon lights tonight, everything is gonna be alright, catchy melody in my head, pop music never dead"
track_92,Pop Song 42,Pop Artist 14,pop,1980s,"Dancing under neon lights tonight, everything is gonna be alright, catchy melody in my head, pop music never dead"
track_93,Pop Song 43,Pop Artist 17,pop,1980s,"Dancing under neon lights tonight, everything is gonna be alright, catchy melody in my head, pop music never dead"
track_94,Pop Song 44,Pop Artist 11,pop,1980s,"Dancing under neon lights tonight, everything is gonna be alright, catchy melody in my head, pop music never dead"
track_95,Pop Song 45,Pop Artist 11,pop,1980s,"Dancing under neon lights tonight, everything is gonna be alright, catchy melody in my head, pop music never dead"
track_96,Pop Song 46,Pop Artist 5,pop,1980s,"Dancing under neon lights tonight, everything is gonna be alright, catchy melody in my head, pop music never dead"
track_97,Pop Song 47,Pop Artist 10,pop,1980s,"Dancing under neon lights tonight, everything is gonna be alright, catchy melody in my head, pop music never dead"
track_98,Pop Song 48,Pop Artist 11,pop,1980s,"Dancing under neon lights tonight, everything is gonna be alright, catchy melody in my head, pop music never dead"
track_99,Pop Song 49,Pop Artist 5,pop,1980s,"Dancing under neon lights tonight, everything is gonna be alright, catchy melody in my head, pop music never dead"
track_100,Pop Song 50,Pop Artist 10,pop,1980s,"Dancing under neon lights tonight, everything is gonna be alright, catchy melody in my head, pop music never dead"
track_101,Disco Song 1,Disco Artist 2,disco,1980s,"Saturday night fever burning bright, disco ball spinning in the light, dance floor calling out my name, disco will never be the same"
track_102,Disco Song 2,Disco Artist 7,disco,1980s,"Saturday night fever burning bright, disco ball spinning in the light, dance floor calling out my name, disco will never be the same"
track_103,Disco Song 3,Disco Artist 12,disco,1980s,"Saturday night fever burning bright, disco ball spinning in the light, dance floor calling out my name, disco will never be the same"
track_104,Disco Song 4,Disco Artist 12,disco,1980s,"Saturday night fever burning bright, disco ball spinning in the light, dance floor calling out my name, disco will never be the same"
track_105,Disco Song 5,Disco Artist 5,disco,1980s,"Saturday night fever burning bright, disco ball spinning in the light, dance floor calling out my name, disco will never be the same"
track_106,Disco Song 6,Disco Artist 9,disco,1980s,"Saturday night fever burning bright, disco ball spinning in the light, dance floor calling out my name, disco will never be the same"
track_107,Disco Song 7,Disco Artist 2,disco,1980s,"Saturday night fever burning bright, disco ball spinning in the light, dance floor calling out my name, disco will never be the same"
track_108,Disco Song 8,Disco Artist 6,disco,1980s,"Saturday night fever burning bright, disco ball spinning in the light, dance floor calling out my name, disco will never be the same"
track_109,Disco Song 9,Disco Artist 5,disco,1980s,"Saturday night fever burning bright, disco ball spinning in the light, dance floor calling out my name, disco will never be the same"
track_110,Disco Song 10,Disco Artist 3,disco,1980s,"Saturday night fever burning bright, disco ball spinning in the light, dance floor calling out my name, disco will never be the same"
track_111,Disco Song 11,Disco Artist 11,disco,1980s,"Saturday night fever burning bright, disco ball spinning in the light, dance floor calling out my name, disco will never be the same"
track_112,Disco Song 12,Disco Artist 5,disco,1980s,"Saturday night fever burning bright, disco ball spinning in the light, dance floor calling out my name, disco will never be the same"
track_113,Disco Song 13,Disco Artist 5,disco,1980s,"Saturday night fever burning bright, disco ball spinning in the light, dance floor calling out my name, disco will never be the same"
track_114,Disco Song 14,Disco Artist 5,disco,1980s,"Saturday night fever burning bright, disco ball spinning in the light, dance floor calling out my name, disco will never be the same"
track_115,Disco Song 15,Disco Artist 7,disco,1980s,"Saturday night fever burning bright, disco ball spinning in the light, dance floor calling out my name, disco will never be the same"
track_116,Disco Song 16,Disco Artist 4,disco,1980s,"Saturday night fever burning bright, disco ball spinning in the light, dance floor calling out my name, disco will never be the same"
track_117,Disco Song 17,Disco Artist 13,disco,1980s,"Saturday night fever burning bright, disco ball spinning in the light, dance floor calling out my name, disco will never be the same"
track_118,Disco Song 18,Disco Artist 7,disco,1980s,"Saturday night fever burning bright, disco ball spinning in the light, dance floor calling out my name, disco will never be the same"
track_119,Disco Song 19,Disco Artist 7,disco,1980s,"Saturday night fever burning bright, disco ball spinning in the light, dance floor calling out my name, disco will never be the same"
track_120,Disco Song 20,Disco Artist 16,disco,1980s,"Saturday night fever burning bright, disco ball spinning in the light, dance floor calling out my name, disco will never be the same"
track_121,Disco Song 21,Disco Artist 1,disco,1980s,"Saturday night fever burning bright, disco ball spinning in the light, dance floor calling out my name, disco will never be the same"
track_122,Disco Song 22,Disco Artist 5,disco,1980s,"Saturday night fever burning bright, disco ball spinning in the light, dance floor calling out my name, disco will never be the same"
track_123,Disco Song 23,Disco Artist 12,disco,1980s,"Saturday night fever burning bright, disco ball spinning in the light, dance floor calling out my name, disco will never be the same"
track_124,Disco Song 24,Disco Artist 5,disco,1980s,"Saturday night fever burning bright, disco ball spinning in the light, dance floor calling out my name, disco will never be the same"
track_125,Disco Song 25,Disco Artist 10,disco,1980s,"Saturday night fever burning bright, disco ball spinning in the light, dance floor calling out my name, disco will never be the same"
track_126,Disco Song 26,Disco Artist 15,disco,1980s,"Saturday night fever burning bright, disco ball spinning in the light, dance floor calling out my name, disco will never be the same"
track_127,Disco Song 27,Disco Artist 17,disco,1980s,"Saturday night fever burning bright, disco ball spinning in the light, dance floor calling out my name, disco will never be the same"
track_128,Disco Song 28,Disco Artist 20,disco,1980s,"Saturday night fever burning bright, disco ball spinning in the light, dance floor calling out my name, disco will never be the same"
track_129,Disco Song 29,Disco Artist 6,disco,1980s,"Saturday night fever burning bright, disco ball spinning in the light, dance floor calling out my name, disco will never be the same"
track_130,Disco Song 30,Disco Artist 10,disco,1980s,"Saturday night fever burning bright, disco ball spinning in the light, dance floor calling out my name, disco will never be the same"
track_131,Disco Song 31,Disco Artist 10,disco,1980s,"Saturday night fever burning bright, disco ball spinning in the light, dance floor calling out my name, disco will never be the same"
track_132,Disco Song 32,Disco Artist 8,disco,1980s,"Saturday night fever burning bright, disco ball spinning in the light, dance floor calling out my name, disco will never be the same"
track_133,Disco Song 33,Disco Artist 6,disco,1980s,"Saturday night fever burning bright, disco ball spinning in the light, dance floor calling out my name, disco will never be the same"
track_134,Disco Song 34,Disco Artist 13,disco,1980s,"Saturday night fever burning bright, disco ball spinning in the light, dance floor calling out my name, disco will never be the same"
track_135,Disco Song 35,Disco Artist 4,disco,1980s,"Saturday night fever burning bright, disco ball spinning in the light, dance floor calling out my name, disco will never be the same"
track_136,Disco Song 36,Disco Artist 3,disco,1980s,"Saturday night fever burning bright, disco ball spinning in the light, dance floor calling out my name, disco will never be the same"
track_137,Disco Song 37,Disco Artist 10,disco,1980s,"Saturday night fever burning bright, disco ball spinning in the light, dance floor calling out my name, disco will never be the same"
track_138,Disco Song 38,Disco Artist 4,disco,1980s,"Saturday night fever burning bright, disco ball spinning in the light, dance floor calling out my name, disco will never be the same"
track_139,Disco Song 39,Disco Artist 14,disco,1980s,"Saturday night fever burning bright, disco ball spinning in the light, dance floor calling out my name, disco will never be the same"
track_140,Disco Song 40,Disco Artist 7,disco,1980s,"Saturday night fever burning bright, disco ball spinning in the light, dance floor calling out my name, disco will never be the same"
track_141,Disco Song 41,Disco Artist 13,disco,1980s,"Saturday night fever burning bright, disco ball spinning in the light, dance floor calling out my name, disco will never be the same"
track_142,Disco Song 42,Disco Artist 15,disco,1980s,"Saturday night fever burning bright, disco ball spinning in the light, dance floor calling out my name, disco will never be the same"
track_143,Disco Song 43,Disco Artist 13,disco,1980s,"Saturday night fever burning bright, disco ball spinning in the light, dance floor calling out my name, disco will never be the same"
track_144,Disco Song 44,Disco Artist 4,disco,1980s,"Saturday night fever burning bright, disco ball spinning in the light, dance floor calling out my name, disco will never be the same"
track_145,Disco Song 45,Disco Artist 17,disco,1980s,"Saturday night fever burning bright, disco ball spinning in the light, dance floor calling out my name, disco will never be the same"
track_146,Disco Song 46,Disco Artist 18,disco,1980s,"Saturday night fever burning bright, disco ball spinning in the light, dance floor calling out my name, disco will never be the same"
track_147,Disco Song 47,Disco Artist 14,disco,1980s,"Saturday night fever burning bright, disco ball spinning in the light, dance floor calling out my name, disco will never be the same"
track_148,Disco Song 48,Disco Artist 5,disco,1980s,"Saturday night fever burning bright, disco ball spinning in the light, dance floor calling out my name, disco will never be the same"
track_149,Disco Song 49,Disco Artist 10,disco,1980s,"Saturday night fever burning bright, disco ball spinning in the light, dance floor calling out my name, disco will never be the same"
track_150,Disco Song 50,Disco Artist 20,disco,1980s,"Saturday night fever burning bright, disco ball spinning in the light, dance floor calling out my name, disco will never be the same"
track_151,Hip-Hop Song 1,Hip-Hop Artist 12,hip-hop,2000s,"Rhythm and poetry flowing free, beats that move the community, culture born from the street, hip hop rhythm can't be beat"
track_152,Hip-Hop Song 2,Hip-Hop Artist 12,hip-hop,2000s,"Rhythm and poetry flowing free, beats that move the community, culture born from the street, hip hop rhythm can't be beat"
track_153,Hip-Hop Song 3,Hip-Hop Artist 11,hip-hop,2000s,"Rhythm and poetry flowing free, beats that move the community, culture born from the street, hip hop rhythm can't be beat"
track_154,Hip-Hop Song 4,Hip-Hop Artist 3,hip-hop,2000s,"Rhythm and poetry flowing free, beats that move the community, culture born from the street, hip hop rhythm can't be beat"
track_155,Hip-Hop Song 5,Hip-Hop Artist 16,hip-hop,2000s,"Rhythm and poetry flowing free, beats that move the community, culture born from the street, hip hop rhythm can't be beat"
track_156,Hip-Hop Song 6,Hip-Hop Artist 7,hip-hop,2000s,"Rhythm and poetry flowing free, beats that move the community, culture born from the street, hip hop rhythm can't be beat"
track_157,Hip-Hop Song 7,Hip-Hop Artist 7,hip-hop,2000s,"Rhythm and poetry flowing free, beats that move the community, culture born from the street, hip hop rhythm can't be beat"
track_158,Hip-Hop Song 8,Hip-Hop Artist 8,hip-hop,2000s,"Rhythm and poetry flowing free, beats that move the community, culture born from the street, hip hop rhythm can't be beat"
track_159,Hip-Hop Song 9,Hip-Hop Artist 13,hip-hop,2000s,"Rhythm and poetry flowing free, beats that move the community, culture born from the street, hip hop rhythm can't be beat"
track_160,Hip-Hop Song 10,Hip-Hop Artist 10,hip-hop,2000s,"Rhythm and poetry flowing free, beats that move the community, culture born from the street, hip hop rhythm can't be beat"
track_161,Hip-Hop Song 11,Hip-Hop Artist 3,hip-hop,2000s,"Rhythm and poetry flowing free, beats that move the community, culture born from the street, hip hop rhythm can't be beat"
track_162,Hip-Hop Song 12,Hip-Hop Artist 6,hip-hop,2000s,"Rhythm and poetry flowing free, beats that move the community, culture born from the street, hip hop rhythm can't be beat"
track_163,Hip-Hop Song 13,Hip-Hop Artist 17,hip-hop,2000s,"Rhythm and poetry flowing free, beats that move the community, culture born from the street, hip hop rhythm can't be beat"
track_164,Hip-Hop Song 14,Hip-Hop Artist 9,hip-hop,2000s,"Rhythm and poetry flowing free, beats that move the community, culture born from the street, hip hop rhythm can't be beat"
track_165,Hip-Hop Song 15,Hip-Hop Artist 13,hip-hop,2000s,"Rhythm and poetry flowing free, beats that move the community, culture born from the street, hip hop rhythm can't be beat"
track_166,Hip-Hop Song 16,Hip-Hop Artist 7,hip-hop,2000s,"Rhythm and poetry flowing free, beats that move the community, culture born from the street, hip hop rhythm can't be beat"
track_167,Hip-Hop Song 17,Hip-Hop Artist 14,hip-hop,2000s,"Rhythm and poetry flowing free, beats that move the community, culture born from the street, hip hop rhythm can't be beat"
track_168,Hip-Hop Song 18,Hip-Hop Artist 15,hip-hop,2000s,"Rhythm and poetry flowing free, beats that move the community, culture born from the street, hip hop rhythm can't be beat"
track_169,Hip-Hop Song 19,Hip-Hop Artist 11,hip-hop,2000s,"Rhythm and poetry flowing free, beats that move the community, culture born from the street, hip hop rhythm can't be beat"
track_170,Hip-Hop Song 20,Hip-Hop Artist 17,hip-hop,2000s,"Rhythm and poetry flowing free, beats that move the community, culture born from the street, hip hop rhythm can't be beat"
track_171,Hip-Hop Song 21,Hip-Hop Artist 2,hip-hop,2000s,"Rhythm and poetry flowing free, beats that move the community, culture born from the street, hip hop rhythm can't be beat"
track_172,Hip-Hop Song 22,Hip-Hop Artist 19,hip-hop,2000s,"Rhythm and poetry flowing free, beats that move the community, culture born from the street, hip hop rhythm can't be beat"
track_173,Hip-Hop Song 23,Hip-Hop Artist 1,hip-hop,2000s,"Rhythm and poetry flowing free, beats that move the community, culture born from the street, hip hop rhythm can't be beat"
track_174,Hip-Hop Song 24,Hip-Hop Artist 11,hip-hop,2000s,"Rhythm and poetry flowing free, beats that move the community, culture born from the street, hip hop rhythm can't be beat"
track_175,Hip-Hop Song 25,Hip-Hop Artist 12,hip-hop,2000s,"Rhythm and poetry flowing free, beats that move the community, culture born from the street, hip hop rhythm can't be beat"
track_176,Hip-Hop Song 26,Hip-Hop Artist 16,hip-hop,2000s,"Rhythm and poetry flowing free, beats that move the community, culture born from the street, hip hop rhythm can't be beat"
track_177,Hip-Hop Song 27,Hip-Hop Artist 18,hip-hop,2000s,"Rhythm and poetry flowing free, beats that move the community, culture born from the street, hip hop rhythm can't be beat"
track_178,Hip-Hop Song 28,Hip-Hop Artist 18,hip-hop,2000s,"Rhythm and poetry flowing free, beats that move the community, culture born from the street, hip hop rhythm can't be beat"
track_179,Hip-Hop Song 29,Hip-Hop Artist 2,hip-hop,2000s,"Rhythm and poetry flowing free, beats that move the community, culture born from the street, hip hop rhythm can't be beat"
track_180,Hip-Hop Song 30,Hip-Hop Artist 11,hip-hop,2000s,"Rhythm and poetry flowing free, beats that move the community, culture born from the street, hip hop rhythm can't be beat"
track_181,Hip-Hop Song 31,Hip-Hop Artist 8,hip-hop,2000s,"Rhythm and poetry flowing free, beats that move the community, culture born from the street, hip hop rhythm can't be beat"
track_182,Hip-Hop Song 32,Hip-Hop Artist 4,hip-hop,2000s,"Rhythm and poetry flowing free, beats that move the community, culture born from the street, hip hop rhythm can't be beat"
track_183,Hip-Hop Song 33,Hip-Hop Artist 5,hip-hop,2000s,"Rhythm and poetry flowing free, beats that move the community, culture born from the street, hip hop rhythm can't be beat"
track_184,Hip-Hop Song 34,Hip-Hop Artist 1,hip-hop,2000s,"Rhythm and poetry flowing free, beats that move the community, culture born from the street, hip hop rhythm can't be beat"
track_185,Hip-Hop Song 35,Hip-Hop Artist 18,hip-hop,2000s,"Rhythm and poetry flowing free, beats that move the community, culture born from the street, hip hop rhythm can't be beat"
track_186,Hip-Hop Song 36,Hip-Hop Artist 18,hip-hop,2000s,"Rhythm and poetry flowing free, beats that move the community, culture born from the street, hip hop rhythm can't be beat"
track_187,Hip-Hop Song 37,Hip-Hop Artist 7,hip-hop,2000s,"Rhythm and poetry flowing free, beats that move the community, culture born from the street, hip hop rhythm can't be beat"
track_188,Hip-Hop Song 38,Hip-Hop Artist 5,hip-hop,2000s,"Rhythm and poetry flowing free, beats that move the community, culture born from the street, hip hop rhythm can't be beat"
track_189,Hip-Hop Song 39,Hip-Hop Artist 12,hip-hop,2000s,"Rhythm and poetry flowing free, beats that move the community, culture born from the street, hip hop rhythm can't be beat"
track_190,Hip-Hop Song 40,Hip-Hop Artist 14,hip-hop,2000s,"Rhythm and poetry flowing free, beats that move the community, culture born from the street, hip hop rhythm can't be beat"
track_191,Hip-Hop Song 41,Hip-Hop Artist 20,hip-hop,2000s,"Rhythm and poetry flowing free, beats that move the community, culture born from the street, hip hop rhythm can't be beat"
track_192,Hip-Hop Song 42,Hip-Hop Artist 6,hip-hop,2000s,"Rhythm and poetry flowing free, beats that move the community, culture born from the street, hip hop rhythm can't be beat"
track_193,Hip-Hop Song 43,Hip-Hop Artist 15,hip-hop,2000s,"Rhythm and poetry flowing free, beats that move the community, culture born from the street, hip hop rhythm can't be beat"
track_194,Hip-Hop Song 44,Hip-Hop Artist 13,hip-hop,2000s,"Rhythm and poetry flowing free, beats that move the community, culture born from the street, hip hop rhythm can't be beat"
track_195,Hip-Hop Song 45,Hip-Hop Artist 3,hip-hop,2000s,"Rhythm and poetry flowing free, beats that move the community, culture born from the street, hip hop rhythm can't be beat"
track_196,Hip-Hop Song 46,Hip-Hop Artist 18,hip-hop,2000s,"Rhythm and poetry flowing free, beats that move the community, culture born from the street, hip hop rhythm can't be beat"
track_197,Hip-Hop Song 47,Hip-Hop Artist 3,hip-hop,2000s,"Rhythm and poetry flowing free, beats that move the community, culture born from the street, hip hop rhythm can't be beat"
track_198,Hip-Hop Song 48,Hip-Hop Artist 19,hip-hop,2000s,"Rhythm and poetry flowing free, beats that move the community, culture born from the street, hip hop rhythm can't be beat"
track_199,Hip-Hop Song 49,Hip-Hop Artist 7,hip-hop,2000s,"Rhythm and poetry flowing free, beats that move the community, culture born from the street, hip hop rhythm can't be beat"
track_200,Hip-Hop Song 50,Hip-Hop Artist 4,hip-hop,2000s,"Rhythm and poetry flowing free, beats that move the community, culture born from the street, hip hop rhythm can't be beat"
track_201,R&B Song 1,R&B Artist 16,r&b,2000s,"Smooth vocals telling stories true, soulful melodies coming through, rhythm and blues from the heart, R&B is pure art"
track_202,R&B Song 2,R&B Artist 10,r&b,2000s,"Smooth vocals telling stories true, soulful melodies coming through, rhythm and blues from the heart, R&B is pure art"
track_203,R&B Song 3,R&B Artist 10,r&b,2000s,"Smooth vocals telling stories true, soulful melodies coming through, rhythm and blues from the heart, R&B is pure art"
track_204,R&B Song 4,R&B Artist 3,r&b,2000s,"Smooth vocals telling stories true, soulful melodies coming through, rhythm and blues from the heart, R&B is pure art"
track_205,R&B Song 5,R&B Artist 18,r&b,2000s,"Smooth vocals telling stories true, soulful melodies coming through, rhythm and blues from the heart, R&B is pure art"
track_206,R&B Song 6,R&B Artist 8,r&b,2000s,"Smooth vocals telling stories true, soulful melodies coming through, rhythm and blues from the heart, R&B is pure art"
track_207,R&B Song 7,R&B Artist 3,r&b,2000s,"Smooth vocals telling stories true, soulful melodies coming through, rhythm and blues from the heart, R&B is pure art"
track_208,R&B Song 8,R&B Artist 15,r&b,2000s,"Smooth vocals telling stories true, soulful melodies coming through, rhythm and blues from the heart, R&B is pure art"
track_209,R&B Song 9,R&B Artist 4,r&b,2000s,"Smooth vocals telling stories true, soulful melodies coming through, rhythm and blues from the heart, R&B is pure art"
track_210,R&B Song 10,R&B Artist 13,r&b,2000s,"Smooth vocals telling stories true, soulful melodies coming through, rhythm and blues from the heart, R&B is pure art"
track_211,R&B Song 11,R&B Artist 13,r&b,2000s,"Smooth vocals telling stories true, soulful melodies coming through, rhythm and blues from the heart, R&B is pure art"
track_212,R&B Song 12,R&B Artist 18,r&b,2000s,"Smooth vocals telling stories true, soulful melodies coming through, rhythm and blues from the heart, R&B is pure art"
track_213,R&B Song 13,R&B Artist 7,r&b,2000s,"Smooth vocals telling stories true, soulful melodies coming through, rhythm and blues from the heart, R&B is pure art"
track_214,R&B Song 14,R&B Artist 6,r&b,2000s,"Smooth vocals telling stories true, soulful melodies coming through, rhythm and blues from the heart, R&B is pure art"
track_215,R&B Song 15,R&B Artist 4,r&b,2000s,"Smooth vocals telling stories true, soulful melodies coming through, rhythm and blues from the heart, R&B is pure art"
track_216,R&B Song 16,R&B Artist 10,r&b,2000s,"Smooth vocals telling stories true, soulful melodies coming through, rhythm and blues from the heart, R&B is pure art"
track_217,R&B Song 17,R&B Artist 10,r&b,2000s,"Smooth vocals telling stories true, soulful melodies coming through, rhythm and blues from the heart, R&B is pure art"
track_218,R&B Song 18,R&B Artist 18,r&b,2000s,"Smooth vocals telling stories true, soulful melodies coming through, rhythm and blues from the heart, R&B is pure art"
track_219,R&B Song 19,R&B Artist 8,r&b,2000s,"Smooth vocals telling stories true, soulful melodies coming through, rhythm and blues from the heart, R&B is pure art"
track_220,R&B Song 20,R&B Artist 1,r&b,2000s,"Smooth vocals telling stories true, soulful melodies coming through, rhythm and blues from the heart, R&B is pure art"
track_221,R&B Song 21,R&B Artist 1,r&b,2000s,"Smooth vocals telling stories true, soulful melodies coming through, rhythm and blues from the heart, R&B is pure art"
track_222,R&B Song 22,R&B Artist 19,r&b,2000s,"Smooth vocals telling stories true, soulful melodies coming through, rhythm and blues from the heart, R&B is pure art"
track_223,R&B Song 23,R&B Artist 4,r&b,2000s,"Smooth vocals telling stories true, soulful melodies coming through, rhythm and blues from the heart, R&B is pure art"
track_224,R&B Song 24,R&B Artist 17,r&b,2000s,"Smooth vocals telling stories true, soulful melodies coming through, rhythm and blues from the heart, R&B is pure art"
track_225,R&B Song 25,R&B Artist 3,r&b,2000s,"Smooth vocals telling stories true, soulful melodies coming through, rhythm and blues from the heart, R&B is pure art"
track_226,R&B Song 26,R&B Artist 7,r&b,2000s,"Smooth vocals telling stories true, soulful melodies coming through, rhythm and blues from the heart, R&B is pure art"
track_227,R&B Song 27,R&B Artist 17,r&b,2000s,"Smooth vocals telling stories true, soulful melodies coming through, rhythm and blues from the heart, R&B is pure art"
track_228,R&B Song 28,R&B Artist 6,r&b,2000s,"Smooth vocals telling stories true, soulful melodies coming through, rhythm and blues from the heart, R&B is pure art"
track_229,R&B Song 29,R&B Artist 9,r&b,2000s,"Smooth vocals telling stories true, soulful melodies coming through, rhythm and blues from the heart, R&B is pure art"
track_230,R&B Song 30,R&B Artist 18,r&b,2000s,"Smooth vocals telling stories true, soulful melodies coming through, rhythm and blues from the heart, R&B is pure art"
track_231,R&B Song 31,R&B Artist 5,r&b,2000s,"Smooth vocals telling stories true, soulful melodies coming through, rhythm and blues from the heart, R&B is pure art"
track_232,R&B Song 32,R&B Artist 15,r&b,2000s,"Smooth vocals telling stories true, soulful melodies coming through, rhythm and blues from the heart, R&B is pure art"
track_233,R&B Song 33,R&B Artist 3,r&b,2000s,"Smooth vocals telling stories true, soulful melodies coming through, rhythm and blues from the heart, R&B is pure art"
track_234,R&B Song 34,R&B Artist 5,r&b,2000s,"Smooth vocals telling stories true, soulful melodies coming through, rhythm and blues from the heart, R&B is pure art"
track_235,R&B Song 35,R&B Artist 17,r&b,2000s,"Smooth vocals telling stories true, soulful melodies coming through, rhythm and blues from the heart, R&B is pure art"
track_236,R&B Song 36,R&B Artist 11,r&b,2000s,"Smooth vocals telling stories true, soulful melodies coming through, rhythm and blues from the heart, R&B is pure art"
track_237,R&B Song 37,R&B Artist 17,r&b,2000s,"Smooth vocals telling stories true, soulful melodies coming through, rhythm and blues from the heart, R&B is pure art"
track_238,R&B Song 38,R&B Artist 8,r&b,2000s,"Smooth vocals telling stories true, soulful melodies coming through, rhythm and blues from the heart, R&B is pure art"
track_239,R&B Song 39,R&B Artist 19,r&b,2000s,"Smooth vocals telling stories true, soulful melodies coming through, rhythm and blues from the heart, R&B is pure art"
track_240,R&B Song 40,R&B Artist 18,r&b,2000s,"Smooth vocals telling stories true, soulful melodies coming through, rhythm and blues from the heart, R&B is pure art"
track_241,R&B Song 41,R&B Artist 12,r&b,2000s,"Smooth vocals telling stories true, soulful melodies coming through, rhythm and blues from the heart, R&B is pure art"
track_242,R&B Song 42,R&B Artist 16,r&b,2000s,"Smooth vocals telling stories true, soulful melodies coming through, rhythm and blues from the heart, R&B is pure art"
track_243,R&B Song 43,R&B Artist 19,r&b,2000s,"Smooth vocals telling stories true, soulful melodies coming through, rhythm and blues from the heart, R&B is pure art"
track_244,R&B Song 44,R&B Artist 5,r&b,2000s,"Smooth vocals telling stories true, soulful melodies coming through, rhythm and blues from the heart, R&B is pure art"
track_245,R&B Song 45,R&B Artist 10,r&b,2000s,"Smooth vocals telling stories true, soulful melodies coming through, rhythm and blues from the heart, R&B is pure art"
track_246,R&B Song 46,R&B Artist 19,r&b,2000s,"Smooth vocals telling stories true, soulful melodies coming through, rhythm and blues from the heart, R&B is pure art"
track_247,R&B Song 47,R&B Artist 1,r&b,2000s,"Smooth vocals telling stories true, soulful melodies coming through, rhythm and blues from the heart, R&B is pure art"
track_248,R&B Song 48,R&B Artist 19,r&b,2000s,"Smooth vocals telling stories true, soulful melodies coming through, rhythm and blues from the heart, R&B is pure art"
track_249,R&B Song 49,R&B Artist 15,r&b,2000s,"Smooth vocals telling stories true, soulful melodies coming through, rhythm and blues from the heart, R&B is pure art"
track_250,R&B Song 50,R&B Artist 19,r&b,2000s,"Smooth vocals telling stories true, soulful melodies coming through, rhythm and blues from the heart, R&B is pure art"
track_251,Electronic Song 1,Electronic Artist 15,electronic,2000s,"Digital sounds and synthesized beats, electronic music that never retreats, computer generated harmony, technology in symphony"
track_252,Electronic Song 2,Electronic Artist 11,electronic,2000s,"Digital sounds and synthesized beats, electronic music that never retreats, computer generated harmony, technology in symphony"
track_253,Electronic Song 3,Electronic Artist 14,electronic,2000s,"Digital sounds and synthesized beats, electronic music that never retreats, computer generated harmony, technology in symphony"
track_254,Electronic Song 4,Electronic Artist 4,electronic,2000s,"Digital sounds and synthesized beats, electronic music that never retreats, computer generated harmony, technology in symphony"
track_255,Electronic Song 5,Electronic Artist 3,electronic,2000s,"Digital sounds and synthesized beats, electronic music that never retreats, computer generated harmony, technology in symphony"
track_256,Electronic Song 6,Electronic Artist 17,electronic,2000s,"Digital sounds and synthesized beats, electronic music that never retreats, computer generated harmony, technology in symphony"
track_257,Electronic Song 7,Electronic Artist 16,electronic,2000s,"Digital sounds and synthesized beats, electronic music that never retreats, computer generated harmony, technology in symphony"
track_258,Electronic Song 8,Electronic Artist 1,electronic,2000s,"Digital sounds and synthesized beats, electronic music that never retreats, computer generated harmony, technology in symphony"
track_259,Electronic Song 9,Electronic Artist 17,electronic,2000s,"Digital sounds and synthesized beats, electronic music that never retreats, computer generated harmony, technology in symphony"
track_260,Electronic Song 10,Electronic Artist 16,electronic,2000s,"Digital sounds and synthesized beats, electronic music that never retreats, computer generated harmony, technology in symphony"
track_261,Electronic Song 11,Electronic Artist 18,electronic,2000s,"Digital sounds and synthesized beats, electronic music that never retreats, computer generated harmony, technology in symphony"
track_262,Electronic Song 12,Electronic Artist 8,electronic,2000s,"Digital sounds and synthesized beats, electronic music that never retreats, computer generated harmony, technology in symphony"
track_263,Electronic Song 13,Electronic Artist 9,electronic,2000s,"Digital sounds and synthesized beats, electronic music that never retreats, computer generated harmony, technology in symphony"
track_264,Electronic Song 14,Electronic Artist 9,electronic,2000s,"Digital sounds and synthesized beats, electronic music that never retreats, computer generated harmony, technology in symphony"
track_265,Electronic Song 15,Electronic Artist 6,electronic,2000s,"Digital sounds and synthesized beats, electronic music that never retreats, computer generated harmony, technology in symphony"
track_266,Electronic Song 16,Electronic Artist 1,electronic,2000s,"Digital sounds and synthesized beats, electronic music that never retreats, computer generated harmony, technology in symphony"
track_267,Electronic Song 17,Electronic Artist 8,electronic,2000s,"Digital sounds and synthesized beats, electronic music that never retreats, computer generated harmony, technology in symphony"
track_268,Electronic Song 18,Electronic Artist 15,electronic,2000s,"Digital sounds and synthesized beats, electronic music that never retreats, computer generated harmony, technology in symphony"
track_269,Electronic Song 19,Electronic Artist 12,electronic,2000s,"Digital sounds and synthesized beats, electronic music that never retreats, computer generated harmony, technology in symphony"
track_270,Electronic Song 20,Electronic Artist 4,electronic,2000s,"Digital sounds and synthesized beats, electronic music that never retreats, computer generated harmony, technology in symphony"
track_271,Electronic Song 21,Electronic Artist 5,electronic,2000s,"Digital sounds and synthesized beats, electronic music that never retreats, computer generated harmony, technology in symphony"
track_272,Electronic Song 22,Electronic Artist 10,electronic,2000s,"Digital sounds and synthesized beats, electronic music that never retreats, computer generated harmony, technology in symphony"
track_273,Electronic Song 23,Electronic Artist 19,electronic,2000s,"Digital sounds and synthesized beats, electronic music that never retreats, computer generated harmony, technology in symphony"
track_274,Electronic Song 24,Electronic Artist 3,electronic,2000s,"Digital sounds and synthesized beats, electronic music that never retreats, computer generated harmony, technology in symphony"
track_275,Electronic Song 25,Electronic Artist 2,electronic,2000s,"Digital sounds and synthesized beats, electronic music that never retreats, computer generated harmony, technology in symphony"
track_276,Electronic Song 26,Electronic Artist 13,electronic,2000s,"Digital sounds and synthesized beats, electronic music that never retreats, computer generated harmony, technology in symphony"
track_277,Electronic Song 27,Electronic Artist 17,electronic,2000s,"Digital sounds and synthesized beats, electronic music that never retreats, computer generated harmony, technology in symphony"
track_278,Electronic Song 28,Electronic Artist 20,electronic,2000s,"Digital sounds and synthesized beats, electronic music that never retreats, computer generated harmony, technology in symphony"
track_279,Electronic Song 29,Electronic Artist 2,electronic,2000s,"Digital sounds and synthesized beats, electronic music that never retreats, computer generated harmony, technology in symphony"
track_280,Electronic Song 30,Electronic Artist 19,electronic,2000s,"Digital sounds and synthesized beats, electronic music that never retreats, computer generated harmony, technology in symphony"
track_281,Electronic Song 31,Electronic Artist 16,electronic,2000s,"Digital sounds and synthesized beats, electronic music that never retreats, computer generated harmony, technology in symphony"
track_282,Electronic Song 32,Electronic Artist 10,electronic,2000s,"Digital sounds and synthesized beats, electronic music that never retreats, computer generated harmony, technology in symphony"
track_283,Electronic Song 33,Electronic Artist 10,electronic,2000s,"Digital sounds and synthesized beats, electronic music that never retreats, computer generated harmony, technology in symphony"
track_284,Electronic Song 34,Electronic Artist 10,electronic,2000s,"Digital sounds and synthesized beats, electronic music that never retreats, computer generated harmony, technology in symphony"
track_285,Electronic Song 35,Electronic Artist 7,electronic,2000s,"Digital sounds and synthesized beats, electronic music that never retreats, computer generated harmony, technology in symphony"
track_286,Electronic Song 36,Electronic Artist 2,electronic,2000s,"Digital sounds and synthesized beats, electronic music that never retreats, computer generated harmony, technology in symphony"
track_287,Electronic Song 37,Electronic Artist 4,electronic,2000s,"Digital sounds and synthesized beats, electronic music that never retreats, computer generated harmony, technology in symphony"
track_288,Electronic Song 38,Electronic Artist 17,electronic,2000s,"Digital sounds and synthesized beats, electronic music that never retreats, computer generated harmony, technology in symphony"
track_289,Electronic Song 39,Electronic Artist 14,electronic,2000s,"Digital sounds and synthesized beats, electronic music that never retreats, computer generated harmony, technology in symphony"
track_290,Electronic Song 40,Electronic Artist 3,electronic,2000s,"Digital sounds and synthesized beats, electronic music that never retreats, computer generated harmony, technology in symphony"
track_291,Electronic Song 41,Electronic Artist 5,electronic,2000s,"Digital sounds and synthesized beats, electronic music that never retreats, computer generated harmony, technology in symphony"
track_292,Electronic Song 42,Electronic Artist 10,electronic,2000s,"Digital sounds and synthesized beats, electronic music that never retreats, computer generated harmony, technology in symphony"
track_293,Electronic Song 43,Electronic Artist 10,electronic,2000s,"Digital sounds and synthesized beats, electronic music that never retreats, computer generated harmony, technology in symphony"
track_294,Electronic Song 44,Electronic Artist 7,electronic,2000s,"Digital sounds and synthesized beats, electronic music that never retreats, computer generated harmony, technology in symphony"
track_295,Electronic Song 45,Electronic Artist 5,electronic,2000s,"Digital sounds and synthesized beats, electronic music that never retreats, computer generated harmony, technology in symphony"
track_296,Electronic Song 46,Electronic Artist 6,electronic,2000s,"Digital sounds and synthesized beats, electronic music that never retreats, computer generated harmony, technology in symphony"
track_297,Electronic Song 47,Electronic Artist 12,electronic,2000s,"Digital sounds and synthesized beats, electronic music that never retreats, computer generated harmony, technology in symphony"
track_298,Electronic Song 48,Electronic Artist 1,electronic,2000s,"Digital sounds and synthesized beats, electronic music that never retreats, computer generated harmony, technology in symphony"
track_299,Electronic Song 49,Electronic Artist 13,electronic,2000s,"Digital sounds and synthesized beats, electronic music that never retreats, computer generated harmony, technology in symphony"
track_300,Electronic Song 50,Electronic Artist 9,electronic,2000s,"Digital sounds and synthesized beats, electronic music that never retreats, computer generated harmony, technology in symphony"
track_301,K-Pop Song 1,K-Pop Artist 17,k-pop,2020s,"Korean wave spreading worldwide, pop culture that can't hide, colorful videos and perfect dance, K-pop gives the world a chance"
track_302,K-Pop Song 2,K-Pop Artist 19,k-pop,2020s,"Korean wave spreading worldwide, pop culture that can't hide, colorful videos and perfect dance, K-pop gives the world a chance"
track_303,K-Pop Song 3,K-Pop Artist 17,k-pop,2020s,"Korean wave spreading worldwide, pop culture that can't hide, colorful videos and perfect dance, K-pop gives the world a chance"
track_304,K-Pop Song 4,K-Pop Artist 4,k-pop,2020s,"Korean wave spreading worldwide, pop culture that can't hide, colorful videos and perfect dance, K-pop gives the world a chance"
track_305,K-Pop Song 5,K-Pop Artist 14,k-pop,2020s,"Korean wave spreading worldwide, pop culture that can't hide, colorful videos and perfect dance, K-pop gives the world a chance"
track_306,K-Pop Song 6,K-Pop Artist 8,k-pop,2020s,"Korean wave spreading worldwide, pop culture that can't hide, colorful videos and perfect dance, K-pop gives the world a chance"
track_307,K-Pop Song 7,K-Pop Artist 15,k-pop,2020s,"Korean wave spreading worldwide, pop culture that can't hide, colorful videos and perfect dance, K-pop gives the world a chance"
track_308,K-Pop Song 8,K-Pop Artist 20,k-pop,2020s,"Korean wave spreading worldwide, pop culture that can't hide, colorful videos and perfect dance, K-pop gives the world a chance"
track_309,K-Pop Song 9,K-Pop Artist 14,k-pop,2020s,"Korean wave spreading worldwide, pop culture that can't hide, colorful videos and perfect dance, K-pop gives the world a chance"
track_310,K-Pop Song 10,K-Pop Artist 13,k-pop,2020s,"Korean wave spreading worldwide, pop culture that can't hide, colorful videos and perfect dance, K-pop gives the world a chance"
track_311,K-Pop Song 11,K-Pop Artist 2,k-pop,2020s,"Korean wave spreading worldwide, pop culture that can't hide, colorful videos and perfect dance, K-pop gives the world a chance"
track_312,K-Pop Song 12,K-Pop Artist 3,k-pop,2020s,"Korean wave spreading worldwide, pop culture that can't hide, colorful videos and perfect dance, K-pop gives the world a chance"
track_313,K-Pop Song 13,K-Pop Artist 19,k-pop,2020s,"Korean wave spreading worldwide, pop culture that can't hide, colorful videos and perfect dance, K-pop gives the world a chance"
track_314,K-Pop Song 14,K-Pop Artist 10,k-pop,2020s,"Korean wave spreading worldwide, pop culture that can't hide, colorful videos and perfect dance, K-pop gives the world a chance"
track_315,K-Pop Song 15,K-Pop Artist 17,k-pop,2020s,"Korean wave spreading worldwide, pop culture that can't hide, colorful videos and perfect dance, K-pop gives the world a chance"
track_316,K-Pop Song 16,K-Pop Artist 12,k-pop,2020s,"Korean wave spreading worldwide, pop culture that can't hide, colorful videos and perfect dance, K-pop gives the world a chance"
track_317,K-Pop Song 17,K-Pop Artist 3,k-pop,2020s,"Korean wave spreading worldwide, pop culture that can't hide, colorful videos and perfect dance, K-pop gives the world a chance"
track_318,K-Pop Song 18,K-Pop Artist 9,k-pop,2020s,"Korean wave spreading worldwide, pop culture that can't hide, colorful videos and perfect dance, K-pop gives the world a chance"
track_319,K-Pop Song 19,K-Pop Artist 4,k-pop,2020s,"Korean wave spreading worldwide, pop culture that can't hide, colorful videos and perfect dance, K-pop gives the world a chance"
track_320,K-Pop Song 20,K-Pop Artist 14,k-pop,2020s,"Korean wave spreading worldwide, pop culture that can't hide, colorful videos and perfect dance, K-pop gives the world a chance"
track_321,K-Pop Song 21,K-Pop Artist 15,k-pop,2020s,"Korean wave spreading worldwide, pop culture that can't hide, colorful videos and perfect dance, K-pop gives the world a chance"
track_322,K-Pop Song 22,K-Pop Artist 12,k-pop,2020s,"Korean wave spreading worldwide, pop culture that can't hide, colorful videos and perfect dance, K-pop gives the world a chance"
track_323,K-Pop Song 23,K-Pop Artist 5,k-pop,2020s,"Korean wave spreading worldwide, pop culture that can't hide, colorful videos and perfect dance, K-pop gives the world a chance"
track_324,K-Pop Song 24,K-Pop Artist 2,k-pop,2020s,"Korean wave spreading worldwide, pop culture that can't hide, colorful videos and perfect dance, K-pop gives the world a chance"
track_325,K-Pop Song 25,K-Pop Artist 17,k-pop,2020s,"Korean wave spreading worldwide, pop culture that can't hide, colorful videos and perfect dance, K-pop gives the world a chance"
track_326,K-Pop Song 26,K-Pop Artist 12,k-pop,2020s,"Korean wave spreading worldwide, pop culture that can't hide, colorful videos and perfect dance, K-pop gives the world a chance"
track_327,K-Pop Song 27,K-Pop Artist 4,k-pop,2020s,"Korean wave spreading worldwide, pop culture that can't hide, colorful videos and perfect dance, K-pop gives the world a chance"
track_328,K-Pop Song 28,K-Pop Artist 9,k-pop,2020s,"Korean wave spreading worldwide, pop culture that can't hide, colorful videos and perfect dance, K-pop gives the world a chance"
track_329,K-Pop Song 29,K-Pop Artist 8,k-pop,2020s,"Korean wave spreading worldwide, pop culture that can't hide, colorful videos and perfect dance, K-pop gives the world a chance"
track_330,K-Pop Song 30,K-Pop Artist 5,k-pop,2020s,"Korean wave spreading worldwide, pop culture that can't hide, colorful videos and perfect dance, K-pop gives the world a chance"
track_331,K-Pop Song 31,K-Pop Artist 17,k-pop,2020s,"Korean wave spreading worldwide, pop culture that can't hide, colorful videos and perfect dance, K-pop gives the world a chance"
track_332,K-Pop Song 32,K-Pop Artist 6,k-pop,2020s,"Korean wave spreading worldwide, pop culture that can't hide, colorful videos and perfect dance, K-pop gives the world a chance"
track_333,K-Pop Song 33,K-Pop Artist 11,k-pop,2020s,"Korean wave spreading worldwide, pop culture that can't hide, colorful videos and perfect dance, K-pop gives the world a chance"
track_334,K-Pop Song 34,K-Pop Artist 16,k-pop,2020s,"Korean wave spreading worldwide, pop culture that can't hide, colorful videos and perfect dance, K-pop gives the world a chance"
track_335,K-Pop Song 35,K-Pop Artist 16,k-pop,2020s,"Korean wave spreading worldwide, pop culture that can't hide, colorful videos and perfect dance, K-pop gives the world a chance"
track_336,K-Pop Song 36,K-Pop Artist 4,k-pop,2020s,"Korean wave spreading worldwide, pop culture that can't hide, colorful videos and perfect dance, K-pop gives the world a chance"
track_337,K-Pop Song 37,K-Pop Artist 7,k-pop,2020s,"Korean wave spreading worldwide, pop culture that can't hide, colorful videos and perfect dance, K-pop gives the world a chance"
track_338,K-Pop Song 38,K-Pop Artist 10,k-pop,2020s,"Korean wave spreading worldwide, pop culture that can't hide, colorful videos and perfect dance, K-pop gives the world a chance"
track_339,K-Pop Song 39,K-Pop Artist 4,k-pop,2020s,"Korean wave spreading worldwide, pop culture that can't hide, colorful videos and perfect dance, K-pop gives the world a chance"
track_340,K-Pop Song 40,K-Pop Artist 12,k-pop,2020s,"Korean wave spreading worldwide, pop culture that can't hide, colorful videos and perfect dance, K-pop gives the world a chance"
track_341,K-Pop Song 41,K-Pop Artist 10,k-pop,2020s,"Korean wave spreading worldwide, pop culture that can't hide, colorful videos and perfect dance, K-pop gives the world a chance"
track_342,K-Pop Song 42,K-Pop Artist 14,k-pop,2020s,"Korean wave spreading worldwide, pop culture that can't hide, colorful videos and perfect dance, K-pop gives the world a chance"
track_343,K-Pop Song 43,K-Pop Artist 1,k-pop,2020s,"Korean wave spreading worldwide, pop culture that can't hide, colorful videos and perfect dance, K-pop gives the world a chance"
track_344,K-Pop Song 44,K-Pop Artist 5,k-pop,2020s,"Korean wave spreading worldwide, pop culture that can't hide, colorful videos and perfect dance, K-pop gives the world a chance"
track_345,K-Pop Song 45,K-Pop Artist 5,k-pop,2020s,"Korean wave spreading worldwide, pop culture that can't hide, colorful videos and perfect dance, K-pop gives the world a chance"
track_346,K-Pop Song 46,K-Pop Artist 11,k-pop,2020s,"Korean wave spreading worldwide, pop culture that can't hide, colorful videos and perfect dance, K-pop gives the world a chance"
track_347,K-Pop Song 47,K-Pop Artist 2,k-pop,2020s,"Korean wave spreading worldwide, pop culture that can't hide, colorful videos and perfect dance, K-pop gives the world a chance"
track_348,K-Pop Song 48,K-Pop Artist 19,k-pop,2020s,"Korean wave spreading worldwide, pop culture that can't hide, colorful videos and perfect dance, K-pop gives the world a chance"
track_349,K-Pop Song 49,K-Pop Artist 7,k-pop,2020s,"Korean wave spreading worldwide, pop culture that can't hide, colorful videos and perfect dance, K-pop gives the world a chance"
track_350,K-Pop Song 50,K-Pop Artist 4,k-pop,2020s,"Korean wave spreading worldwide, pop culture that can't hide, colorful videos and perfect dance, K-pop gives the world a chance"
track_351,Afrobeat Song 1,Afrobeat Artist 9,afrobeat,2020s,"African rhythms strong and proud, percussion that speaks out loud, heritage music from the soul, Afrobeat makes us whole"
track_352,Afrobeat Song 2,Afrobeat Artist 14,afrobeat,2020s,"African rhythms strong and proud, percussion that speaks out loud, heritage music from the soul, Afrobeat makes us whole"
track_353,Afrobeat Song 3,Afrobeat Artist 17,afrobeat,2020s,"African rhythms strong and proud, percussion that speaks out loud, heritage music from the soul, Afrobeat makes us whole"
track_354,Afrobeat Song 4,Afrobeat Artist 20,afrobeat,2020s,"African rhythms strong and proud, percussion that speaks out loud, heritage music from the soul, Afrobeat makes us whole"
track_355,Afrobeat Song 5,Afrobeat Artist 9,afrobeat,2020s,"African rhythms strong and proud, percussion that speaks out loud, heritage music from the soul, Afrobeat makes us whole"
track_356,Afrobeat Song 6,Afrobeat Artist 18,afrobeat,2020s,"African rhythms strong and proud, percussion that speaks out loud, heritage music from the soul, Afrobeat makes us whole"
track_357,Afrobeat Song 7,Afrobeat Artist 6,afrobeat,2020s,"African rhythms strong and proud, percussion that speaks out loud, heritage music from the soul, Afrobeat makes us whole"
track_358,Afrobeat Song 8,Afrobeat Artist 1,afrobeat,2020s,"African rhythms strong and proud, percussion that speaks out loud, heritage music from the soul, Afrobeat makes us whole"
track_359,Afrobeat Song 9,Afrobeat Artist 1,afrobeat,2020s,"African rhythms strong and proud, percussion that speaks out loud, heritage music from the soul, Afrobeat makes us whole"
track_360,Afrobeat Song 10,Afrobeat Artist 17,afrobeat,2020s,"African rhythms strong and proud, percussion that speaks out loud, heritage music from the soul, Afrobeat makes us whole"
track_361,Afrobeat Song 11,Afrobeat Artist 5,afrobeat,2020s,"African rhythms strong and proud, percussion that speaks out loud, heritage music from the soul, Afrobeat makes us whole"
track_362,Afrobeat Song 12,Afrobeat Artist 11,afrobeat,2020s,"African rhythms strong and proud, percussion that speaks out loud, heritage music from the soul, Afrobeat makes us whole"
track_363,Afrobeat Song 13,Afrobeat Artist 1,afrobeat,2020s,"African rhythms strong and proud, percussion that speaks out loud, heritage music from the soul, Afrobeat makes us whole"
track_364,Afrobeat Song 14,Afrobeat Artist 12,afrobeat,2020s,"African rhythms strong and proud, percussion that speaks out loud, heritage music from the soul, Afrobeat makes us whole"
track_365,Afrobeat Song 15,Afrobeat Artist 8,afrobeat,2020s,"African rhythms strong and proud, percussion that speaks out loud, heritage music from the soul, Afrobeat makes us whole"
track_366,Afrobeat Song 16,Afrobeat Artist 11,afrobeat,2020s,"African rhythms strong and proud, percussion that speaks out loud, heritage music from the soul, Afrobeat makes us whole"
track_367,Afrobeat Song 17,Afrobeat Artist 5,afrobeat,2020s,"African rhythms strong and proud, percussion that speaks out loud, heritage music from the soul, Afrobeat makes us whole"
track_368,Afrobeat Song 18,Afrobeat Artist 17,afrobeat,2020s,"African rhythms strong and proud, percussion that speaks out loud, heritage music from the soul, Afrobeat makes us whole"
track_369,Afrobeat Song 19,Afrobeat Artist 13,afrobeat,2020s,"African rhythms strong and proud, percussion that speaks out loud, heritage music from the soul, Afrobeat makes us whole"
track_370,Afrobeat Song 20,Afrobeat Artist 18,afrobeat,2020s,"African rhythms strong and proud, percussion that speaks out loud, heritage music from the soul, Afrobeat makes us whole"
track_371,Afrobeat Song 21,Afrobeat Artist 15,afrobeat,2020s,"African rhythms strong and proud, percussion that speaks out loud, heritage music from the soul, Afrobeat makes us whole"
track_372,Afrobeat Song 22,Afrobeat Artist 19,afrobeat,2020s,"African rhythms strong and proud, percussion that speaks out loud, heritage music from the soul, Afrobeat makes us whole"
track_373,Afrobeat Song 23,Afrobeat Artist 19,afrobeat,2020s,"African rhythms strong and proud, percussion that speaks out loud, heritage music from the soul, Afrobeat makes us whole"
track_374,Afrobeat Song 24,Afrobeat Artist 3,afrobeat,2020s,"African rhythms strong and proud, percussion that speaks out loud, heritage music from the soul, Afrobeat makes us whole"
track_375,Afrobeat Song 25,Afrobeat Artist 15,afrobeat,2020s,"African rhythms strong and proud, percussion that speaks out loud, heritage music from the soul, Afrobeat makes us whole"
track_376,Afrobeat Song 26,Afrobeat Artist 13,afrobeat,2020s,"African rhythms strong and proud, percussion that speaks out loud, heritage music from the soul, Afrobeat makes us whole"
track_377,Afrobeat Song 27,Afrobeat Artist 7,afrobeat,2020s,"African rhythms strong and proud, percussion that speaks out loud, heritage music from the soul, Afrobeat makes us whole"
track_378,Afrobeat Song 28,Afrobeat Artist 7,afrobeat,2020s,"African rhythms strong and proud, percussion that speaks out loud, heritage music from the soul, Afrobeat makes us whole"
track_379,Afrobeat Song 29,Afrobeat Artist 10,afrobeat,2020s,"African rhythms strong and proud, percussion that speaks out loud, heritage music from the soul, Afrobeat makes us whole"
track_380,Afrobeat Song 30,Afrobeat Artist 15,afrobeat,2020s,"African rhythms strong and proud, percussion that speaks out loud, heritage music from the soul, Afrobeat makes us whole"
track_381,Afrobeat Song 31,Afrobeat Artist 17,afrobeat,2020s,"African rhythms strong and proud, percussion that speaks out loud, heritage music from the soul, Afrobeat makes us whole"
track_382,Afrobeat Song 32,Afrobeat Artist 10,afrobeat,2020s,"African rhythms strong and proud, percussion that speaks out loud, heritage music from the soul, Afrobeat makes us whole"
track_383,Afrobeat Song 33,Afrobeat Artist 6,afrobeat,2020s,"African rhythms strong and proud, percussion that speaks out loud, heritage music from the soul, Afrobeat makes us whole"
track_384,Afrobeat Song 34,Afrobeat Artist 4,afrobeat,2020s,"African rhythms strong and proud, percussion that speaks out loud, heritage music from the soul, Afrobeat makes us whole"
track_385,Afrobeat Song 35,Afrobeat Artist 13,afrobeat,2020s,"African rhythms strong and proud, percussion that speaks out loud, heritage music from the soul, Afrobeat makes us whole"
track_386,Afrobeat Song 36,Afrobeat Artist 15,afrobeat,2020s,"African rhythms strong and proud, percussion that speaks out loud, heritage music from the soul, Afrobeat makes us whole"
track_387,Afrobeat Song 37,Afrobeat Artist 9,afrobeat,2020s,"African rhythms strong and proud, percussion that speaks out loud, heritage music from the soul, Afrobeat makes us whole"
track_388,Afrobeat Song 38,Afrobeat Artist 7,afrobeat,2020s,"African rhythms strong and proud, percussion that speaks out loud, heritage music from the soul, Afrobeat makes us whole"
track_389,Afrobeat Song 39,Afrobeat Artist 12,afrobeat,2020s,"African rhythms strong and proud, percussion that speaks out loud, heritage music from the soul, Afrobeat makes us whole"
track_390,Afrobeat Song 40,Afrobeat Artist 2,afrobeat,2020s,"African rhythms strong and proud, percussion that speaks out loud, heritage music from the soul, Afrobeat makes us whole"
track_391,Afrobeat Song 41,Afrobeat Artist 13,afrobeat,2020s,"African rhythms strong and proud, percussion that speaks out loud, heritage music from the soul, Afrobeat makes us whole"
track_392,Afrobeat Song 42,Afrobeat Artist 14,afrobeat,2020s,"African rhythms strong and proud, percussion that speaks out loud, heritage music from the soul, Afrobeat makes us whole"
track_393,Afrobeat Song 43,Afrobeat Artist 4,afrobeat,2020s,"African rhythms strong and proud, percussion that speaks out loud, heritage music from the soul, Afrobeat makes us whole"
track_394,Afrobeat Song 44,Afrobeat Artist 1,afrobeat,2020s,"African rhythms strong and proud, percussion that speaks out loud, heritage music from the soul, Afrobeat makes us whole"
track_395,Afrobeat Song 45,Afrobeat Artist 10,afrobeat,2020s,"African rhythms strong and proud, percussion that speaks out loud, heritage music from the soul, Afrobeat makes us whole"
track_396,Afrobeat Song 46,Afrobeat Artist 12,afrobeat,2020s,"African rhythms strong and proud, percussion that speaks out loud, heritage music from the soul, Afrobeat makes us whole"
track_397,Afrobeat Song 47,Afrobeat Artist 10,afrobeat,2020s,"African rhythms strong and proud, percussion that speaks out loud, heritage music from the soul, Afrobeat makes us whole"
track_398,Afrobeat Song 48,Afrobeat Artist 2,afrobeat,2020s,"African rhythms strong and proud, percussion that speaks out loud, heritage music from the soul, Afrobeat makes us whole"
track_399,Afrobeat Song 49,Afrobeat Artist 8,afrobeat,2020s,"African rhythms strong and proud, percussion that speaks out loud, heritage music from the soul, Afrobeat makes us whole"
track_400,Afrobeat Song 50,Afrobeat Artist 3,afrobeat,2020s,"African rhythms strong and proud, percussion that speaks out loud, heritage music from the soul, Afrobeat makes us whole"
track_401,Hyperpop Song 1,Hyperpop Artist 13,hyperpop,2020s,"Distorted vocals pitched up high, experimental sounds that touch the sky, future pop that breaks the rules, hyperpop for the digital fools"
track_402,Hyperpop Song 2,Hyperpop Artist 4,hyperpop,2020s,"Distorted vocals pitched up high, experimental sounds that touch the sky, future pop that breaks the rules, hyperpop for the digital fools"
track_403,Hyperpop Song 3,Hyperpop Artist 3,hyperpop,2020s,"Distorted vocals pitched up high, experimental sounds that touch the sky, future pop that breaks the rules, hyperpop for the digital fools"
track_404,Hyperpop Song 4,Hyperpop Artist 11,hyperpop,2020s,"Distorted vocals pitched up high, experimental sounds that touch the sky, future pop that breaks the rules, hyperpop for the digital fools"
track_405,Hyperpop Song 5,Hyperpop Artist 11,hyperpop,2020s,"Distorted vocals pitched up high, experimental sounds that touch the sky, future pop that breaks the rules, hyperpop for the digital fools"
track_406,Hyperpop Song 6,Hyperpop Artist 14,hyperpop,2020s,"Distorted vocals pitched up high, experimental sounds that touch the sky, future pop that breaks the rules, hyperpop for the digital fools"
track_407,Hyperpop Song 7,Hyperpop Artist 20,hyperpop,2020s,"Distorted vocals pitched up high, experimental sounds that touch the sky, future pop that breaks the rules, hyperpop for the digital fools"
track_408,Hyperpop Song 8,Hyperpop Artist 1,hyperpop,2020s,"Distorted vocals pitched up high, experimental sounds that touch the sky, future pop that breaks the rules, hyperpop for the digital fools"
track_409,Hyperpop Song 9,Hyperpop Artist 6,hyperpop,2020s,"Distorted vocals pitched up high, experimental sounds that touch the sky, future pop that breaks the rules, hyperpop for the digital fools"
track_410,Hyperpop Song 10,Hyperpop Artist 19,hyperpop,2020s,"Distorted vocals pitched up high, experimental sounds that touch the sky, future pop that breaks the rules, hyperpop for the digital fools"
track_411,Hyperpop Song 11,Hyperpop Artist 6,hyperpop,2020s,"Distorted vocals pitched up high, experimental sounds that touch the sky, future pop that breaks the rules, hyperpop for the digital fools"
track_412,Hyperpop Song 12,Hyperpop Artist 6,hyperpop,2020s,"Distorted vocals pitched up high, experimental sounds that touch the sky, future pop that breaks the rules, hyperpop for the digital fools"
track_413,Hyperpop Song 13,Hyperpop Artist 9,hyperpop,2020s,"Distorted vocals pitched up high, experimental sounds that touch the sky, future pop that breaks the rules, hyperpop for the digital fools"
track_414,Hyperpop Song 14,Hyperpop Artist 10,hyperpop,2020s,"Distorted vocals pitched up high, experimental sounds that touch the sky, future pop that breaks the rules, hyperpop for the digital fools"
track_415,Hyperpop Song 15,Hyperpop Artist 14,hyperpop,2020s,"Distorted vocals pitched up high, experimental sounds that touch the sky, future pop that breaks the rules, hyperpop for the digital fools"
track_416,Hyperpop Song 16,Hyperpop Artist 18,hyperpop,2020s,"Distorted vocals pitched up high, experimental sounds that touch the sky, future pop that breaks the rules, hyperpop for the digital fools"
track_417,Hyperpop Song 17,Hyperpop Artist 11,hyperpop,2020s,"Distorted vocals pitched up high, experimental sounds that touch the sky, future pop that breaks the rules, hyperpop for the digital fools"
track_418,Hyperpop Song 18,Hyperpop Artist 3,hyperpop,2020s,"Distorted vocals pitched up high, experimental sounds that touch the sky, future pop that breaks the rules, hyperpop for the digital fools"
track_419,Hyperpop Song 19,Hyperpop Artist 10,hyperpop,2020s,"Distorted vocals pitched up high, experimental sounds that touch the sky, future pop that breaks the rules, hyperpop for the digital fools"
track_420,Hyperpop Song 20,Hyperpop Artist 6,hyperpop,2020s,"Distorted vocals pitched up high, experimental sounds that touch the sky, future pop that breaks the rules, hyperpop for the digital fools"
track_421,Hyperpop Song 21,Hyperpop Artist 5,hyperpop,2020s,"Distorted vocals pitched up high, experimental sounds that touch the sky, future pop that breaks the rules, hyperpop for the digital fools"
track_422,Hyperpop Song 22,Hyperpop Artist 16,hyperpop,2020s,"Distorted vocals pitched up high, experimental sounds that touch the sky, future pop that breaks the rules, hyperpop for the digital fools"
track_423,Hyperpop Song 23,Hyperpop Artist 19,hyperpop,2020s,"Distorted vocals pitched up high, experimental sounds that touch the sky, future pop that breaks the rules, hyperpop for the digital fools"
track_424,Hyperpop Song 24,Hyperpop Artist 15,hyperpop,2020s,"Distorted vocals pitched up high, experimental sounds that touch the sky, future pop that breaks the rules, hyperpop for the digital fools"
track_425,Hyperpop Song 25,Hyperpop Artist 8,hyperpop,2020s,"Distorted vocals pitched up high, experimental sounds that touch the sky, future pop that breaks the rules, hyperpop for the digital fools"
track_426,Hyperpop Song 26,Hyperpop Artist 3,hyperpop,2020s,"Distorted vocals pitched up high, experimental sounds that touch the sky, future pop that breaks the rules, hyperpop for the digital fools"
track_427,Hyperpop Song 27,Hyperpop Artist 2,hyperpop,2020s,"Distorted vocals pitched up high, experimental sounds that touch the sky, future pop that breaks the rules, hyperpop for the digital fools"
track_428,Hyperpop Song 28,Hyperpop Artist 18,hyperpop,2020s,"Distorted vocals pitched up high, experimental sounds that touch the sky, future pop that breaks the rules, hyperpop for the digital fools"
track_429,Hyperpop Song 29,Hyperpop Artist 10,hyperpop,2020s,"Distorted vocals pitched up high, experimental sounds that touch the sky, future pop that breaks the rules, hyperpop for the digital fools"
track_430,Hyperpop Song 30,Hyperpop Artist 12,hyperpop,2020s,"Distorted vocals pitched up high, experimental sounds that touch the sky, future pop that breaks the rules, hyperpop for the digital fools"
track_431,Hyperpop Song 31,Hyperpop Artist 1,hyperpop,2020s,"Distorted vocals pitched up high, experimental sounds that touch the sky, future pop that breaks the rules, hyperpop for the digital fools"
track_432,Hyperpop Song 32,Hyperpop Artist 5,hyperpop,2020s,"Distorted vocals pitched up high, experimental sounds that touch the sky, future pop that breaks the rules, hyperpop for the digital fools"
track_433,Hyperpop Song 33,Hyperpop Artist 7,hyperpop,2020s,"Distorted vocals pitched up high, experimental sounds that touch the sky, future pop that breaks the rules, hyperpop for the digital fools"
track_434,Hyperpop Song 34,Hyperpop Artist 16,hyperpop,2020s,"Distorted vocals pitched up high, experimental sounds that touch the sky, future pop that breaks the rules, hyperpop for the digital fools"
track_435,Hyperpop Song 35,Hyperpop Artist 15,hyperpop,2020s,"Distorted vocals pitched up high, experimental sounds that touch the sky, future pop that breaks the rules, hyperpop for the digital fools"
track_436,Hyperpop Song 36,Hyperpop Artist 18,hyperpop,2020s,"Distorted vocals pitched up high, experimental sounds that touch the sky, future pop that breaks the rules, hyperpop for the digital fools"
track_437,Hyperpop Song 37,Hyperpop Artist 3,hyperpop,2020s,"Distorted vocals pitched up high, experimental sounds that touch the sky, future pop that breaks the rules, hyperpop for the digital fools"
track_438,Hyperpop Song 38,Hyperpop Artist 2,hyperpop,2020s,"Distorted vocals pitched up high, experimental sounds that touch the sky, future pop that breaks the rules, hyperpop for the digital fools"
track_439,Hyperpop Song 39,Hyperpop Artist 4,hyperpop,2020s,"Distorted vocals pitched up high, experimental sounds that touch the sky, future pop that breaks the rules, hyperpop for the digital fools"
track_440,Hyperpop Song 40,Hyperpop Artist 16,hyperpop,2020s,"Distorted vocals pitched up high, experimental sounds that touch the sky, future pop that breaks the rules, hyperpop for the digital fools"
track_441,Hyperpop Song 41,Hyperpop Artist 1,hyperpop,2020s,"Distorted vocals pitched up high, experimental sounds that touch the sky, future pop that breaks the rules, hyperpop for the digital fools"
track_442,Hyperpop Song 42,Hyperpop Artist 7,hyperpop,2020s,"Distorted vocals pitched up high, experimental sounds that touch the sky, future pop that breaks the rules, hyperpop for the digital fools"
track_443,Hyperpop Song 43,Hyperpop Artist 18,hyperpop,2020s,"Distorted vocals pitched up high, experimental sounds that touch the sky, future pop that breaks the rules, hyperpop for the digital fools"
track_444,Hyperpop Song 44,Hyperpop Artist 5,hyperpop,2020s,"Distorted vocals pitched up high, experimental sounds that touch the sky, future pop that breaks the rules, hyperpop for the digital fools"
track_445,Hyperpop Song 45,Hyperpop Artist 19,hyperpop,2020s,"Distorted vocals pitched up high, experimental sounds that touch the sky, future pop that breaks the rules, hyperpop for the digital fools"
track_446,Hyperpop Song 46,Hyperpop Artist 16,hyperpop,2020s,"Distorted vocals pitched up high, experimental sounds that touch the sky, future pop that breaks the rules, hyperpop for the digital fools"
track_447,Hyperpop Song 47,Hyperpop Artist 13,hyperpop,2020s,"Distorted vocals pitched up high, experimental sounds that touch the sky, future pop that breaks the rules, hyperpop for the digital fools"
track_448,Hyperpop Song 48,Hyperpop Artist 19,hyperpop,2020s,"Distorted vocals pitched up high, experimental sounds that touch the sky, future pop that breaks the rules, hyperpop for the digital fools"
track_449,Hyperpop Song 49,Hyperpop Artist 16,hyperpop,2020s,"Distorted vocals pitched up high, experimental sounds that touch the sky, future pop that breaks the rules, hyperpop for the digital fools"
track_450,Hyperpop Song 50,Hyperpop Artist 8,hyperpop,2020s,"Distorted vocals pitched up high, experimental sounds that touch the sky, future pop that breaks the rules, hyperpop for the digital fools"
